order,rho,ori_id,size,fill_a,fill_b,job_name,pod_name,arrival_timestamp,pod_creation_timestamp,container_creation_timestamp,container_started_at,finished_at,scheduled_at,queue_wait_seconds,deadline_timestamp
1,high,22,330,36,44,job-matrix-mult-22,job-matrix-mult-22-9wlmk,2026-04-12T14:30:13Z,2026-04-12T14:30:14Z,2026-04-12T14:30:14Z,2026-04-12T14:30:14Z,2026-04-12T14:30:49Z,2026-04-12T14:30:14Z,,2026-04-12T14:31:19Z
2,high,61,760,60,30,job-matrix-mult-61,job-matrix-mult-61-bt7mf,2026-04-12T14:30:22Z,2026-04-12T14:30:23Z,2026-04-12T14:30:23Z,2026-04-12T14:30:23Z,2026-04-12T14:37:25Z,2026-04-12T14:30:23Z,,2026-04-12T14:37:37Z
3,high,68,840,24,57,job-matrix-mult-68,job-matrix-mult-68-w926k,2026-04-12T14:32:04Z,2026-04-12T14:32:04Z,2026-04-12T14:32:04Z,2026-04-12T14:32:05Z,2026-04-12T14:41:34Z,2026-04-12T14:32:04Z,,2026-04-12T14:50:36Z
4,high,30,420,70,11,job-matrix-mult-30,job-matrix-mult-30-ffzbn,2026-04-12T14:33:52Z,2026-04-12T14:33:52Z,2026-04-12T14:33:52Z,2026-04-12T14:33:53Z,2026-04-12T14:35:03Z,2026-04-12T14:33:52Z,,2026-04-12T14:36:11Z
5,high,37,490,30,89,job-matrix-mult-37,job-matrix-mult-37-z5fqp,2026-04-12T14:34:07Z,2026-04-12T14:34:07Z,2026-04-12T14:34:07Z,2026-04-12T14:34:08Z,2026-04-12T14:36:02Z,2026-04-12T14:34:07Z,,2026-04-12T14:37:43Z
6,high,78,950,86,2,job-matrix-mult-78,job-matrix-mult-78-ndc7z,2026-04-12T14:34:34Z,2026-04-12T14:34:34Z,2026-04-12T14:34:34Z,2026-04-12T14:34:34Z,2026-04-12T14:48:09Z,2026-04-12T14:34:34Z,,2026-04-12T15:00:29Z
7,high,52,660,18,68,job-matrix-mult-52,job-matrix-mult-52-p6mzh,2026-04-12T14:34:50Z,2026-04-12T14:34:50Z,2026-04-12T14:34:50Z,2026-04-12T14:34:51Z,2026-04-12T14:39:45Z,2026-04-12T14:34:50Z,,2026-04-12T14:43:45Z
8,high,59,740,52,17,job-matrix-mult-59,job-matrix-mult-59-vbvqg,2026-04-12T14:38:02Z,2026-04-12T14:38:02Z,2026-04-12T14:38:02Z,2026-04-12T14:38:02Z,2026-04-12T14:44:31Z,2026-04-12T14:38:02Z,,2026-04-12T14:44:48Z
9,high,12,220,5,96,job-matrix-mult-12,job-matrix-mult-12-8c979,2026-04-12T14:39:01Z,2026-04-12T14:39:01Z,2026-04-12T14:39:01Z,2026-04-12T14:39:02Z,2026-04-12T14:39:12Z,2026-04-12T14:39:01Z,,2026-04-12T14:39:22Z
10,high,24,350,14,66,job-matrix-mult-24,job-matrix-mult-24-ffhk9,2026-04-12T14:39:51Z,2026-04-12T14:39:51Z,2026-04-12T14:39:51Z,2026-04-12T14:39:52Z,2026-04-12T14:40:40Z,2026-04-12T14:39:51Z,,2026-04-12T14:41:11Z
11,high,90,1080,56,39,job-matrix-mult-90,job-matrix-mult-90-vqn56,2026-04-12T14:40:50Z,2026-04-12T14:40:50Z,2026-04-12T14:40:50Z,2026-04-12T14:40:50Z,2026-04-12T15:01:49Z,2026-04-12T14:40:50Z,,2026-04-12T15:01:43Z
12,high,56,710,93,14,job-matrix-mult-56,job-matrix-mult-56-ffj9m,2026-04-12T14:41:41Z,2026-04-12T14:41:42Z,2026-04-12T14:41:42Z,2026-04-12T14:41:42Z,2026-04-12T14:47:22Z,2026-04-12T14:41:42Z,,2026-04-12T14:52:30Z
13,high,76,930,67,33,job-matrix-mult-76,job-matrix-mult-76-927bw,2026-04-12T14:42:14Z,2026-04-12T14:42:14Z,2026-04-12T14:42:14Z,2026-04-12T14:42:15Z,2026-04-12T14:55:00Z,2026-04-12T14:42:14Z,,2026-04-12T15:07:08Z
14,high,16,260,99,3,job-matrix-mult-16,job-matrix-mult-16-kgqf7,2026-04-12T14:43:05Z,2026-04-12T14:43:05Z,2026-04-12T14:43:05Z,2026-04-12T14:43:06Z,2026-04-12T14:43:23Z,2026-04-12T14:43:05Z,,2026-04-12T14:43:38Z
15,high,44,570,33,58,job-matrix-mult-44,job-matrix-mult-44-rbfzc,2026-04-12T14:44:31Z,2026-04-12T14:44:32Z,2026-04-12T14:44:32Z,2026-04-12T14:44:32Z,2026-04-12T14:47:29Z,2026-04-12T14:44:32Z,,2026-04-12T14:50:11Z
16,high,28,390,1,100,job-matrix-mult-28,job-matrix-mult-28-w24kw,2026-04-12T14:45:04Z,2026-04-12T14:45:04Z,2026-04-12T14:45:04Z,2026-04-12T14:45:05Z,2026-04-12T14:46:01Z,2026-04-12T14:45:04Z,,2026-04-12T14:46:52Z
17,high,38,510,12,56,job-matrix-mult-38,job-matrix-mult-38-kbkvz,2026-04-12T14:45:07Z,2026-04-12T14:45:07Z,2026-04-12T14:45:07Z,2026-04-12T14:45:08Z,2026-04-12T14:47:28Z,2026-04-12T14:45:07Z,,2026-04-12T14:49:06Z
18,high,73,890,19,76,job-matrix-mult-73,job-matrix-mult-73-b6px8,2026-04-12T14:45:38Z,2026-04-12T14:45:38Z,2026-04-12T14:45:38Z,2026-04-12T14:45:39Z,2026-04-12T14:56:53Z,2026-04-12T14:45:38Z,,2026-04-12T15:06:57Z
19,high,7,400,99,98,job-matrix-mult-7,job-matrix-mult-7-df4x2,2026-04-12T14:46:27Z,2026-04-12T14:46:27Z,2026-04-12T14:46:27Z,2026-04-12T14:46:27Z,2026-04-12T14:47:27Z,2026-04-12T14:46:27Z,,2026-04-12T14:47:32Z
20,high,26,370,28,61,job-matrix-mult-26,job-matrix-mult-26-pvhcd,2026-04-12T14:47:00Z,2026-04-12T14:47:00Z,2026-04-12T14:47:00Z,2026-04-12T14:47:00Z,2026-04-12T14:47:49Z,2026-04-12T14:47:00Z,,2026-04-12T14:48:36Z
21,high,86,1040,25,66,job-matrix-mult-86,job-matrix-mult-86-xkrq9,2026-04-12T14:48:17Z,2026-04-12T14:48:17Z,2026-04-12T14:48:17Z,2026-04-12T14:48:18Z,2026-04-12T15:08:31Z,2026-04-12T14:48:17Z,,2026-04-12T15:08:09Z
22,high,66,820,79,22,job-matrix-mult-66,job-matrix-mult-66-pklr9,2026-04-12T14:48:58Z,2026-04-12T14:48:59Z,2026-04-12T14:48:59Z,2026-04-12T14:48:59Z,2026-04-12T14:57:47Z,2026-04-12T14:48:59Z,,2026-04-12T15:05:47Z
23,high,3,1000,42,87,job-matrix-mult-3,job-matrix-mult-3-mzrwd,2026-04-12T14:49:35Z,2026-04-12T14:49:35Z,2026-04-12T14:49:35Z,2026-04-12T14:49:36Z,2026-04-12T15:08:39Z,2026-04-12T14:49:35Z,,2026-04-12T15:05:47Z
24,high,53,670,85,5,job-matrix-mult-53,job-matrix-mult-53-78w4r,2026-04-12T14:52:54Z,2026-04-12T14:52:54Z,2026-04-12T14:52:54Z,2026-04-12T14:52:55Z,2026-04-12T14:57:42Z,2026-04-12T14:52:54Z,,2026-04-12T15:02:02Z
25,high,49,630,74,38,job-matrix-mult-49,job-matrix-mult-49-92qpt,2026-04-12T14:53:08Z,2026-04-12T14:53:08Z,2026-04-12T14:53:08Z,2026-04-12T14:53:09Z,2026-04-12T14:57:07Z,2026-04-12T14:53:08Z,,2026-04-12T15:00:41Z
26,high,92,1110,77,21,job-matrix-mult-92,job-matrix-mult-92-578sb,2026-04-12T14:54:07Z,2026-04-12T14:54:07Z,2026-04-12T14:54:07Z,2026-04-12T14:54:08Z,2026-04-12T15:20:22Z,2026-04-12T14:54:07Z,,2026-04-12T15:16:07Z
27,high,5,200,19,46,job-matrix-mult-5,job-matrix-mult-5-cpmtf,2026-04-12T14:55:02Z,2026-04-12T14:55:02Z,2026-04-12T14:55:02Z,2026-04-12T14:55:03Z,2026-04-12T14:55:10Z,2026-04-12T14:55:02Z,,2026-04-12T14:55:10Z
28,high,17,270,41,67,job-matrix-mult-17,job-matrix-mult-17-h5tfz,2026-04-12T14:58:51Z,2026-04-12T14:58:51Z,2026-04-12T14:58:51Z,2026-04-12T14:58:52Z,2026-04-12T14:59:16Z,2026-04-12T14:58:51Z,,2026-04-12T14:59:29Z
29,high,71,870,6,99,job-matrix-mult-71,job-matrix-mult-71-xsck9,2026-04-12T15:00:28Z,2026-04-12T15:00:28Z,2026-04-12T15:00:28Z,2026-04-12T15:00:29Z,2026-04-12T15:14:37Z,2026-04-12T15:00:28Z,,2026-04-12T15:20:53Z
30,high,8,600,50,50,job-matrix-mult-8,job-matrix-mult-8-mqcbg,2026-04-12T15:03:01Z,2026-04-12T15:03:01Z,2026-04-12T15:03:01Z,2026-04-12T15:03:02Z,2026-04-12T15:07:14Z,2026-04-12T15:03:01Z,,2026-04-12T15:06:37Z
31,high,43,560,6,91,job-matrix-mult-43,job-matrix-mult-43-z6nld,2026-04-12T15:03:32Z,2026-04-12T15:03:33Z,2026-04-12T15:03:33Z,2026-04-12T15:03:34Z,2026-04-12T15:06:51Z,2026-04-12T15:03:33Z,,2026-04-12T15:08:52Z
32,high,99,1180,84,15,job-matrix-mult-99,job-matrix-mult-99-wnp8n,2026-04-12T15:04:21Z,2026-04-12T15:04:22Z,2026-04-12T15:04:22Z,2026-04-12T15:04:22Z,2026-04-12T15:35:21Z,2026-04-12T15:04:22Z,,2026-04-12T15:30:55Z
33,high,34,460,92,27,job-matrix-mult-34,job-matrix-mult-34-7z76r,2026-04-12T15:06:17Z,2026-04-12T15:06:18Z,2026-04-12T15:06:18Z,2026-04-12T15:06:19Z,2026-04-12T15:08:53Z,2026-04-12T15:06:18Z,,2026-04-12T15:09:17Z
34,high,70,860,44,16,job-matrix-mult-70,job-matrix-mult-70-hxl24,2026-04-12T15:08:18Z,2026-04-12T15:08:19Z,2026-04-12T15:08:19Z,2026-04-12T15:08:20Z,2026-04-12T15:20:46Z,2026-04-12T15:08:19Z,,2026-04-12T15:27:28Z
35,high,14,240,47,59,job-matrix-mult-14,job-matrix-mult-14-684m5,2026-04-12T15:08:25Z,2026-04-12T15:08:25Z,2026-04-12T15:08:25Z,2026-04-12T15:08:26Z,2026-04-12T15:08:47Z,2026-04-12T15:08:25Z,,2026-04-12T15:08:52Z
36,high,77,940,15,62,job-matrix-mult-77,job-matrix-mult-77-s2mwl,2026-04-12T15:11:40Z,2026-04-12T15:11:40Z,2026-04-12T15:11:40Z,2026-04-12T15:11:41Z,2026-04-12T15:26:13Z,2026-04-12T15:11:40Z,,2026-04-12T15:36:48Z
37,high,39,520,97,4,job-matrix-mult-39,job-matrix-mult-39-hdbmj,2026-04-12T15:13:10Z,2026-04-12T15:13:10Z,2026-04-12T15:13:10Z,2026-04-12T15:13:11Z,2026-04-12T15:15:39Z,2026-04-12T15:13:10Z,,2026-04-12T15:17:29Z
38,high,98,1170,41,53,job-matrix-mult-98,job-matrix-mult-98-64q8v,2026-04-12T15:14:45Z,2026-04-12T15:14:46Z,2026-04-12T15:14:46Z,2026-04-12T15:14:46Z,2026-04-12T15:43:21Z,2026-04-12T15:14:46Z,,2026-04-12T15:40:36Z
39,high,42,550,81,15,job-matrix-mult-42,job-matrix-mult-42-r8z92,2026-04-12T15:15:33Z,2026-04-12T15:15:33Z,2026-04-12T15:15:33Z,2026-04-12T15:15:34Z,2026-04-12T15:18:37Z,2026-04-12T15:15:33Z,,2026-04-12T15:20:38Z
40,high,82,990,45,7,job-matrix-mult-82,job-matrix-mult-82-5nh76,2026-04-12T15:15:44Z,2026-04-12T15:15:44Z,2026-04-12T15:15:44Z,2026-04-12T15:15:45Z,2026-04-12T15:32:45Z,2026-04-12T15:15:44Z,,2026-04-12T15:44:53Z
41,high,96,1150,69,4,job-matrix-mult-96,job-matrix-mult-96-kc2mw,2026-04-12T15:15:46Z,2026-04-12T15:15:46Z,2026-04-12T15:15:46Z,2026-04-12T15:15:47Z,2026-04-12T15:43:24Z,2026-04-12T15:15:46Z,,2026-04-12T15:40:14Z
42,high,18,280,22,77,job-matrix-mult-18,job-matrix-mult-18-5c7ts,2026-04-12T15:16:30Z,2026-04-12T15:16:30Z,2026-04-12T15:16:30Z,2026-04-12T15:16:31Z,2026-04-12T15:16:56Z,2026-04-12T15:16:30Z,,2026-04-12T15:17:12Z
43,high,72,880,58,41,job-matrix-mult-72,job-matrix-mult-72-w25rj,2026-04-12T15:17:45Z,2026-04-12T15:17:45Z,2026-04-12T15:17:45Z,2026-04-12T15:17:46Z,2026-04-12T15:29:34Z,2026-04-12T15:17:45Z,,2026-04-12T15:38:25Z
44,high,11,210,73,12,job-matrix-mult-11,job-matrix-mult-11-7r2q6,2026-04-12T15:18:10Z,2026-04-12T15:18:10Z,2026-04-12T15:18:39Z,2026-04-12T15:18:39Z,2026-04-12T15:18:49Z,2026-04-12T15:18:39Z,,2026-04-12T15:18:28Z
45,high,67,830,35,69,job-matrix-mult-67,job-matrix-mult-67-l9jzg,2026-04-12T15:18:16Z,2026-04-12T15:18:17Z,2026-04-12T15:20:48Z,2026-04-12T15:20:49Z,2026-04-12T15:31:02Z,2026-04-12T15:20:48Z,,2026-04-12T15:35:40Z
46,high,35,470,21,73,job-matrix-mult-35,job-matrix-mult-35-wlbmp,2026-04-12T15:18:48Z,2026-04-12T15:18:48Z,2026-04-12T15:18:51Z,2026-04-12T15:18:51Z,2026-04-12T15:20:47Z,2026-04-12T15:18:51Z,,2026-04-12T15:21:56Z
47,high,21,320,57,13,job-matrix-mult-21,job-matrix-mult-21-9twqb,2026-04-12T15:19:35Z,2026-04-12T15:19:35Z,2026-04-12T15:20:24Z,2026-04-12T15:20:25Z,2026-04-12T15:20:57Z,2026-04-12T15:20:24Z,,2026-04-12T15:20:37Z
48,high,33,450,55,6,job-matrix-mult-33,job-matrix-mult-33-cjfs5,2026-04-12T15:21:55Z,2026-04-12T15:21:55Z,2026-04-12T15:21:55Z,2026-04-12T15:21:56Z,2026-04-12T15:23:26Z,2026-04-12T15:21:55Z,,2026-04-12T15:24:39Z
49,high,60,750,27,71,job-matrix-mult-60,job-matrix-mult-60-5h485,2026-04-12T15:22:30Z,2026-04-12T15:22:31Z,2026-04-12T15:22:31Z,2026-04-12T15:22:31Z,2026-04-12T15:30:03Z,2026-04-12T15:22:31Z,,2026-04-12T15:30:31Z
50,high,91,1090,2,88,job-matrix-mult-91,job-matrix-mult-91-f6lhb,2026-04-12T15:25:02Z,2026-04-12T15:25:02Z,2026-04-12T15:25:02Z,2026-04-12T15:25:03Z,2026-04-12T15:48:12Z,2026-04-12T15:25:02Z,,2026-04-12T15:46:23Z
51,high,93,1120,10,74,job-matrix-mult-93,job-matrix-mult-93-smtcb,2026-04-12T15:27:02Z,2026-04-12T15:27:02Z,2026-04-12T15:27:02Z,2026-04-12T15:27:03Z,2026-04-12T15:56:05Z,2026-04-12T15:27:02Z,,2026-04-12T15:49:57Z
52,high,54,680,40,72,job-matrix-mult-54,job-matrix-mult-54-c7p4k,2026-04-12T15:27:12Z,2026-04-12T15:27:12Z,2026-04-12T15:29:36Z,2026-04-12T15:29:37Z,2026-04-12T15:35:25Z,2026-04-12T15:29:36Z,,2026-04-12T15:36:47Z
53,high,87,1050,71,29,job-matrix-mult-87,job-matrix-mult-87-485s7,2026-04-12T15:27:32Z,2026-04-12T15:27:33Z,2026-04-12T15:30:06Z,2026-04-12T15:30:07Z,2026-04-12T15:50:22Z,2026-04-12T15:30:06Z,,2026-04-12T15:46:07Z
54,high,69,850,90,10,job-matrix-mult-69,job-matrix-mult-69-ntrxv,2026-04-12T15:29:58Z,2026-04-12T15:29:58Z,2026-04-12T15:37:00Z,2026-04-12T15:37:01Z,2026-04-12T15:47:41Z,2026-04-12T15:37:00Z,,2026-04-12T15:48:29Z
55,high,10,900,80,30,job-matrix-mult-10,job-matrix-mult-10-cfl72,2026-04-12T15:29:58Z,2026-04-12T15:29:59Z,2026-04-12T15:44:38Z,2026-04-12T15:44:38Z,2026-04-12T15:56:56Z,2026-04-12T15:44:38Z,,2026-04-12T15:50:10Z
56,high,47,610,61,9,job-matrix-mult-47,job-matrix-mult-47-9b9v4,2026-04-12T15:30:29Z,2026-04-12T15:30:29Z,2026-04-12T15:32:46Z,2026-04-12T15:32:47Z,2026-04-12T15:36:58Z,2026-04-12T15:32:46Z,,2026-04-12T15:37:22Z
57,high,46,590,17,79,job-matrix-mult-46,job-matrix-mult-46-87zq2,2026-04-12T15:30:56Z,2026-04-12T15:30:56Z,2026-04-12T15:31:03Z,2026-04-12T15:31:04Z,2026-04-12T15:34:42Z,2026-04-12T15:31:03Z,,2026-04-12T15:37:11Z
58,high,1,500,7,9,job-matrix-mult-1,job-matrix-mult-1-cjlwd,2026-04-12T15:32:46Z,2026-04-12T15:32:47Z,2026-04-12T15:34:44Z,2026-04-12T15:34:45Z,2026-04-12T15:37:01Z,2026-04-12T15:34:44Z,,2026-04-12T15:35:02Z
59,high,48,620,2,95,job-matrix-mult-48,job-matrix-mult-48-24dhg,2026-04-12T15:33:56Z,2026-04-12T15:33:56Z,2026-04-12T15:35:24Z,2026-04-12T15:35:24Z,2026-04-12T15:39:44Z,2026-04-12T15:35:24Z,,2026-04-12T15:41:10Z
60,high,9,800,2,78,job-matrix-mult-9,job-matrix-mult-9-dxz9q,2026-04-12T15:33:56Z,2026-04-12T15:33:57Z,2026-04-12T15:35:26Z,2026-04-12T15:35:27Z,2026-04-12T15:44:36Z,2026-04-12T15:35:26Z,,2026-04-12T15:42:20Z
61,high,95,1140,32,61,job-matrix-mult-95,job-matrix-mult-95-wdfc2,2026-04-12T15:35:32Z,2026-04-12T15:35:32Z,2026-04-12T15:37:03Z,2026-04-12T15:37:04Z,2026-04-12T16:02:42Z,2026-04-12T15:37:03Z,,2026-04-12T15:59:39Z
62,high,75,920,4,80,job-matrix-mult-75,job-matrix-mult-75-h427w,2026-04-12T15:38:11Z,2026-04-12T15:38:11Z,2026-04-12T15:49:48Z,2026-04-12T15:49:48Z,2026-04-12T16:02:44Z,2026-04-12T15:49:48Z,,2026-04-12T16:01:45Z
63,high,40,530,43,85,job-matrix-mult-40,job-matrix-mult-40-znl2x,2026-04-12T15:38:48Z,2026-04-12T15:38:48Z,2026-04-12T15:39:46Z,2026-04-12T15:39:46Z,2026-04-12T15:42:27Z,2026-04-12T15:39:46Z,,2026-04-12T15:43:19Z
64,high,57,720,7,88,job-matrix-mult-57,job-matrix-mult-57-grk6m,2026-04-12T15:39:23Z,2026-04-12T15:39:23Z,2026-04-12T15:43:26Z,2026-04-12T15:43:27Z,2026-04-12T15:49:46Z,2026-04-12T15:43:26Z,,2026-04-12T15:45:31Z
65,high,15,250,16,84,job-matrix-mult-15,job-matrix-mult-15-9bzs4,2026-04-12T15:40:56Z,2026-04-12T15:40:57Z,2026-04-12T15:42:29Z,2026-04-12T15:42:30Z,2026-04-12T15:42:46Z,2026-04-12T15:42:29Z,,2026-04-12T15:41:26Z
66,high,88,1060,47,12,job-matrix-mult-88,job-matrix-mult-88-2zl9s,2026-04-12T15:41:15Z,2026-04-12T15:41:15Z,2026-04-12T15:43:23Z,2026-04-12T15:43:24Z,2026-04-12T16:03:08Z,2026-04-12T15:43:23Z,,2026-04-12T16:00:20Z
67,high,32,440,48,29,job-matrix-mult-32,job-matrix-mult-32-nt2m6,2026-04-12T15:41:37Z,2026-04-12T15:41:38Z,2026-04-12T15:43:22Z,2026-04-12T15:43:23Z,2026-04-12T15:44:52Z,2026-04-12T15:43:22Z,,2026-04-12T15:44:09Z
68,high,20,310,9,90,job-matrix-mult-20,job-matrix-mult-20-c7cj9,2026-04-12T15:42:26Z,2026-04-12T15:42:26Z,2026-04-12T15:42:48Z,2026-04-12T15:42:49Z,2026-04-12T15:43:21Z,2026-04-12T15:42:48Z,,2026-04-12T15:43:22Z
69,high,51,650,49,26,job-matrix-mult-51,job-matrix-mult-51-5725p,2026-04-12T15:44:00Z,2026-04-12T15:44:00Z,2026-04-12T15:44:54Z,2026-04-12T15:44:54Z,2026-04-12T15:49:28Z,2026-04-12T15:44:54Z,,2026-04-12T15:52:20Z
70,high,84,1020,96,11,job-matrix-mult-84,job-matrix-mult-84-zb6h2,2026-04-12T15:44:29Z,2026-04-12T15:44:29Z,2026-04-12T15:49:30Z,2026-04-12T15:49:30Z,2026-04-12T16:07:24Z,2026-04-12T15:49:30Z,,2026-04-12T16:01:35Z
71,high,94,1130,59,35,job-matrix-mult-94,job-matrix-mult-94-47dvm,2026-04-12T15:45:06Z,2026-04-12T15:45:06Z,2026-04-12T15:58:52Z,2026-04-12T15:58:53Z,2026-04-12T16:22:58Z,2026-04-12T15:58:52Z,,2026-04-12T16:08:54Z
72,high,29,410,39,52,job-matrix-mult-29,job-matrix-mult-29-4w5jm,2026-04-12T15:45:28Z,2026-04-12T15:45:28Z,2026-04-12T15:48:13Z,2026-04-12T15:48:14Z,2026-04-12T15:49:34Z,2026-04-12T15:48:13Z,,2026-04-12T15:47:31Z
73,high,27,380,63,19,job-matrix-mult-27,job-matrix-mult-27-rqkz7,2026-04-12T15:45:36Z,2026-04-12T15:45:36Z,2026-04-12T15:48:12Z,2026-04-12T15:48:13Z,2026-04-12T15:49:07Z,2026-04-12T15:48:12Z,,2026-04-12T15:47:14Z
74,high,74,910,72,23,job-matrix-mult-74,job-matrix-mult-74-cxwhk,2026-04-12T15:45:56Z,2026-04-12T15:45:56Z,2026-04-12T15:57:30Z,2026-04-12T15:57:31Z,2026-04-12T16:09:57Z,2026-04-12T15:57:30Z,,2026-04-12T16:08:34Z
75,high,6,300,6,21,job-matrix-mult-6,job-matrix-mult-6-lx74j,2026-04-12T15:46:15Z,2026-04-12T15:46:15Z,2026-04-12T15:47:43Z,2026-04-12T15:47:44Z,2026-04-12T15:48:11Z,2026-04-12T15:47:43Z,,2026-04-12T15:46:43Z
76,high,89,1070,8,95,job-matrix-mult-89,job-matrix-mult-89-7m6rx,2026-04-12T15:46:26Z,2026-04-12T15:46:26Z,2026-04-12T15:49:57Z,2026-04-12T15:49:58Z,2026-04-12T16:10:45Z,2026-04-12T15:49:57Z,,2026-04-12T16:06:37Z
77,high,4,1100,25,60,job-matrix-mult-4,job-matrix-mult-4-jtv8n,2026-04-12T15:46:44Z,2026-04-12T15:46:44Z,2026-04-12T15:50:24Z,2026-04-12T15:50:25Z,2026-04-12T16:12:19Z,2026-04-12T15:50:24Z,,2026-04-12T16:08:21Z
78,high,25,360,95,2,job-matrix-mult-25,job-matrix-mult-25-qtztk,2026-04-12T15:47:13Z,2026-04-12T15:47:13Z,2026-04-12T15:49:08Z,2026-04-12T15:49:09Z,2026-04-12T15:49:55Z,2026-04-12T15:49:08Z,,2026-04-12T15:48:38Z
79,high,97,1160,23,80,job-matrix-mult-97,job-matrix-mult-97-54d4j,2026-04-12T15:47:29Z,2026-04-12T15:47:29Z,2026-04-12T16:03:25Z,2026-04-12T16:03:26Z,2026-04-12T16:28:59Z,2026-04-12T16:03:25Z,,2026-04-12T16:14:25Z
80,high,79,960,31,47,job-matrix-mult-79,job-matrix-mult-79-lblcj,2026-04-12T15:48:40Z,2026-04-12T15:48:40Z,2026-04-12T15:49:36Z,2026-04-12T15:49:36Z,2026-04-12T16:04:13Z,2026-04-12T15:49:36Z,,2026-04-12T16:15:14Z
81,high,100,1190,5,97,job-matrix-mult-100,job-matrix-mult-100-x4hms,2026-04-12T15:52:32Z,2026-04-12T15:52:32Z,2026-04-12T16:05:58Z,2026-04-12T16:05:59Z,2026-04-12T16:33:22Z,2026-04-12T16:05:58Z,,2026-04-12T16:19:42Z
82,high,80,970,53,18,job-matrix-mult-80,job-matrix-mult-80-qgcrf,2026-04-12T15:53:49Z,2026-04-12T15:53:49Z,2026-04-12T16:10:47Z,2026-04-12T16:10:47Z,2026-04-12T16:26:05Z,2026-04-12T16:10:47Z,,2026-04-12T16:21:17Z
83,high,31,430,8,83,job-matrix-mult-31,job-matrix-mult-31-xqsxc,2026-04-12T15:54:11Z,2026-04-12T15:54:11Z,2026-04-12T15:56:07Z,2026-04-12T15:56:07Z,2026-04-12T15:57:28Z,2026-04-12T15:56:07Z,,2026-04-12T15:56:39Z
84,high,36,480,65,34,job-matrix-mult-36,job-matrix-mult-36-h8z98,2026-04-12T15:55:31Z,2026-04-12T15:55:31Z,2026-04-12T15:56:57Z,2026-04-12T15:56:58Z,2026-04-12T15:58:50Z,2026-04-12T15:56:57Z,,2026-04-12T15:58:51Z
85,high,45,580,50,20,job-matrix-mult-45,job-matrix-mult-45-gb9zg,2026-04-12T15:58:53Z,2026-04-12T15:58:53Z,2026-04-12T16:02:46Z,2026-04-12T16:02:46Z,2026-04-12T16:05:57Z,2026-04-12T16:02:46Z,,2026-04-12T16:04:48Z
86,high,64,790,100,8,job-matrix-mult-64,job-matrix-mult-64-mxczt,2026-04-12T16:00:18Z,2026-04-12T16:00:18Z,2026-04-12T16:04:14Z,2026-04-12T16:04:15Z,2026-04-12T16:12:17Z,2026-04-12T16:04:14Z,,2026-04-12T16:15:18Z
87,high,83,1010,14,83,job-matrix-mult-83,job-matrix-mult-83-js5ct,2026-04-12T16:00:57Z,2026-04-12T16:00:57Z,2026-04-12T16:18:54Z,2026-04-12T16:18:55Z,2026-04-12T16:35:46Z,2026-04-12T16:18:54Z,,2026-04-12T16:30:41Z
88,high,55,690,29,63,job-matrix-mult-55,job-matrix-mult-55-s2qd7,2026-04-12T16:00:59Z,2026-04-12T16:01:00Z,2026-04-12T16:03:10Z,2026-04-12T16:03:11Z,2026-04-12T16:08:35Z,2026-04-12T16:03:10Z,,2026-04-12T16:11:00Z
89,high,81,980,20,91,job-matrix-mult-81,job-matrix-mult-81-d764m,2026-04-12T16:01:18Z,2026-04-12T16:01:18Z,2026-04-12T16:15:28Z,2026-04-12T16:15:29Z,2026-04-12T16:30:57Z,2026-04-12T16:15:28Z,,2026-04-12T16:30:01Z
90,high,23,340,82,7,job-matrix-mult-23,job-matrix-mult-23-4klzn,2026-04-12T16:01:22Z,2026-04-12T16:01:22Z,2026-04-12T16:02:44Z,2026-04-12T16:02:44Z,2026-04-12T16:03:24Z,2026-04-12T16:02:44Z,,2026-04-12T16:02:34Z
91,high,65,810,3,94,job-matrix-mult-65,job-matrix-mult-65-lxjw7,2026-04-12T16:04:27Z,2026-04-12T16:04:28Z,2026-04-12T16:10:00Z,2026-04-12T16:10:00Z,2026-04-12T16:18:44Z,2026-04-12T16:09:59Z,,2026-04-12T16:20:47Z
92,high,13,230,88,31,job-matrix-mult-13,job-matrix-mult-13-l86lz,2026-04-12T16:06:01Z,2026-04-12T16:06:01Z,2026-04-12T16:07:26Z,2026-04-12T16:07:26Z,2026-04-12T16:07:38Z,2026-04-12T16:07:26Z,,2026-04-12T16:06:24Z
93,high,2,700,14,35,job-matrix-mult-2,job-matrix-mult-2-72tp5,2026-04-12T16:06:50Z,2026-04-12T16:06:51Z,2026-04-12T16:07:40Z,2026-04-12T16:07:40Z,2026-04-12T16:13:22Z,2026-04-12T16:07:40Z,,2026-04-12T16:12:35Z
94,high,50,640,11,86,job-matrix-mult-50,job-matrix-mult-50-2sstl,2026-04-12T16:06:57Z,2026-04-12T16:06:57Z,2026-04-12T16:08:36Z,2026-04-12T16:08:37Z,2026-04-12T16:12:58Z,2026-04-12T16:08:36Z,,2026-04-12T16:14:54Z
95,high,58,730,34,54,job-matrix-mult-58,job-matrix-mult-58-l8nvv,2026-04-12T16:10:48Z,2026-04-12T16:10:49Z,2026-04-12T16:12:21Z,2026-04-12T16:12:21Z,2026-04-12T16:18:52Z,2026-04-12T16:12:21Z,,2026-04-12T16:17:12Z
96,high,41,540,26,64,job-matrix-mult-41,job-matrix-mult-41-dbpjn,2026-04-12T16:11:46Z,2026-04-12T16:11:46Z,2026-04-12T16:12:19Z,2026-04-12T16:12:20Z,2026-04-12T16:14:59Z,2026-04-12T16:12:19Z,,2026-04-12T16:16:34Z
97,high,85,1030,38,59,job-matrix-mult-85,job-matrix-mult-85-5gxzr,2026-04-12T16:12:15Z,2026-04-12T16:12:15Z,2026-04-12T16:18:45Z,2026-04-12T16:18:46Z,2026-04-12T16:36:20Z,2026-04-12T16:18:45Z,,2026-04-12T16:30:05Z
98,high,62,770,13,82,job-matrix-mult-62,job-matrix-mult-62-nvz57,2026-04-12T16:12:18Z,2026-04-12T16:12:18Z,2026-04-12T16:13:24Z,2026-04-12T16:13:25Z,2026-04-12T16:20:53Z,2026-04-12T16:13:24Z,,2026-04-12T16:20:13Z
99,high,63,780,46,36,job-matrix-mult-63,job-matrix-mult-63-mpfrg,2026-04-12T16:12:24Z,2026-04-12T16:12:24Z,2026-04-12T16:13:00Z,2026-04-12T16:13:01Z,2026-04-12T16:20:48Z,2026-04-12T16:13:00Z,,2026-04-12T16:20:05Z
100,high,19,290,68,25,job-matrix-mult-19,job-matrix-mult-19-2f59j,2026-04-12T16:14:03Z,2026-04-12T16:14:03Z,2026-04-12T16:15:01Z,2026-04-12T16:15:01Z,2026-04-12T16:15:26Z,2026-04-12T16:15:01Z,,2026-04-12T16:14:49Z
