order,rho,ori_id,size,fill_a,fill_b,job_name,pod_name,arrival_timestamp,pod_creation_timestamp,container_creation_timestamp,container_started_at,finished_at,scheduled_at,queue_wait_seconds,deadline_timestamp
1,medium,89,1070,8,95,job-matrix-mult-89,job-matrix-mult-89-57n7s,2026-04-17T13:07:32Z,2026-04-17T13:07:32Z,2026-04-17T13:07:32Z,2026-04-17T13:07:33Z,2026-04-17T13:27:44Z,2026-04-17T13:07:32Z,N/A,2026-04-17T13:27:43Z
2,medium,52,660,18,68,job-matrix-mult-52,job-matrix-mult-52-glcm2,2026-04-17T13:08:18Z,2026-04-17T13:08:19Z,2026-04-17T13:08:19Z,2026-04-17T13:08:19Z,2026-04-17T13:12:52Z,2026-04-17T13:08:19Z,N/A,2026-04-17T13:17:14Z
3,medium,55,690,29,63,job-matrix-mult-55,job-matrix-mult-8-g6vqw,2026-04-17T13:10:13Z,2026-04-17T13:10:13Z,2026-04-17T13:10:13Z,2026-04-17T13:10:14Z,2026-04-17T13:15:29Z,2026-04-17T13:10:13Z,N/A,2026-04-17T13:20:13Z
4,medium,92,1110,77,21,job-matrix-mult-92,job-matrix-mult-92-nxmhl,2026-04-17T13:11:08Z,2026-04-17T13:11:08Z,2026-04-17T13:11:08Z,2026-04-17T13:11:09Z,2026-04-17T13:37:58Z,2026-04-17T13:11:08Z,0,2026-04-17T13:33:08Z
5,medium,51,650,49,26,job-matrix-mult-51,job-matrix-mult-51-xgcbt,2026-04-17T13:11:28Z,2026-04-17T13:11:28Z,2026-04-17T13:11:28Z,2026-04-17T13:11:29Z,2026-04-17T13:15:50Z,2026-04-17T13:11:28Z,0,2026-04-17T13:19:48Z
6,medium,33,450,55,6,job-matrix-mult-33,job-matrix-mult-33-kbcpp,2026-04-17T13:11:52Z,2026-04-17T13:11:53Z,2026-04-17T13:11:53Z,2026-04-17T13:11:53Z,2026-04-17T13:13:24Z,2026-04-17T13:11:53Z,1,2026-04-17T13:14:37Z
7,medium,32,440,48,29,job-matrix-mult-32,job-matrix-mult-32-tgq7w,2026-04-17T13:14:48Z,2026-04-17T13:14:48Z,2026-04-17T13:14:48Z,2026-04-17T13:14:48Z,2026-04-17T13:16:09Z,2026-04-17T13:14:48Z,0,2026-04-17T13:17:19Z
8,medium,69,850,90,10,job-matrix-mult-69,job-matrix-mult-69-vv8zh,2026-04-17T13:15:57Z,2026-04-17T13:15:57Z,2026-04-17T13:15:57Z,2026-04-17T13:15:57Z,2026-04-17T13:25:45Z,2026-04-17T13:15:57Z,0,2026-04-17T13:34:28Z
9,medium,71,870,6,99,job-matrix-mult-71,job-matrix-mult-71-f4tvm,2026-04-17T13:19:59Z,2026-04-17T13:19:59Z,2026-04-17T13:19:59Z,2026-04-17T13:20:00Z,2026-04-17T13:30:51Z,2026-04-17T13:19:59Z,0,2026-04-17T13:40:24Z
10,medium,74,910,72,23,job-matrix-mult-74,job-matrix-mult-74-zzjvk,2026-04-17T13:20:18Z,2026-04-17T13:20:18Z,2026-04-17T13:20:18Z,2026-04-17T13:20:18Z,2026-04-17T13:32:45Z,2026-04-17T13:20:18Z,0,2026-04-17T13:42:56Z
11,medium,86,1040,25,66,job-matrix-mult-86,job-matrix-mult-86-qv8jp,2026-04-17T13:21:15Z,2026-04-17T13:21:16Z,2026-04-17T13:21:16Z,2026-04-17T13:21:16Z,2026-04-17T13:39:14Z,2026-04-17T13:21:16Z,1,2026-04-17T13:41:08Z
12,medium,65,810,3,94,job-matrix-mult-65,job-matrix-mult-65-d9g6j,2026-04-17T13:22:14Z,2026-04-17T13:22:14Z,2026-04-17T13:22:14Z,2026-04-17T13:22:15Z,2026-04-17T13:30:43Z,2026-04-17T13:22:14Z,0,2026-04-17T13:38:33Z
13,medium,99,1180,84,15,job-matrix-mult-99,job-matrix-mult-99-ntk7x,2026-04-17T13:22:20Z,2026-04-17T13:22:20Z,2026-04-17T13:22:20Z,2026-04-17T13:22:21Z,2026-04-17T13:48:27Z,2026-04-17T13:22:20Z,0,2026-04-17T13:48:53Z
14,medium,73,890,19,76,job-matrix-mult-73,job-matrix-mult-73-rv44x,2026-04-17T13:23:43Z,2026-04-17T13:23:43Z,2026-04-17T13:23:43Z,2026-04-17T13:23:44Z,2026-04-17T13:35:11Z,2026-04-17T13:23:43Z,0,2026-04-17T13:45:02Z
15,medium,68,840,24,57,job-matrix-mult-68,job-matrix-mult-68-pxblq,2026-04-17T13:26:19Z,2026-04-17T13:26:19Z,2026-04-17T13:26:19Z,2026-04-17T13:26:19Z,2026-04-17T13:35:47Z,2026-04-17T13:26:19Z,0,2026-04-17T13:44:51Z
16,medium,95,1140,32,61,job-matrix-mult-95,job-matrix-mult-95-dm8hs,2026-04-17T13:26:31Z,2026-04-17T13:26:31Z,2026-04-17T13:28:51Z,2026-04-17T13:28:52Z,2026-04-17T13:52:33Z,2026-04-17T13:28:51Z,0,2026-04-17T13:50:38Z
17,medium,18,280,22,77,job-matrix-mult-18,job-matrix-mult-18-gp9nk,2026-04-17T13:26:54Z,2026-04-17T13:26:54Z,2026-04-17T13:27:59Z,2026-04-17T13:28:00Z,2026-04-17T13:28:21Z,2026-04-17T13:27:59Z,0,2026-04-17T13:27:36Z
18,medium,13,230,88,31,job-matrix-mult-13,job-matrix-mult-13-xskjm,2026-04-17T13:26:57Z,2026-04-17T13:26:58Z,2026-04-17T13:27:45Z,2026-04-17T13:27:46Z,2026-04-17T13:27:58Z,2026-04-17T13:27:45Z,1,2026-04-17T13:27:21Z
19,medium,6,300,6,21,job-matrix-mult-6,job-matrix-mult-6-nfbsc,2026-04-17T13:27:29Z,2026-04-17T13:27:30Z,2026-04-17T13:28:23Z,2026-04-17T13:28:24Z,2026-04-17T13:28:50Z,2026-04-17T13:28:23Z,1,2026-04-17T13:27:58Z
20,medium,8,600,50,50,job-matrix-mult-8,job-matrix-mult-8-59x7m,2026-04-17T13:29:06Z,2026-04-17T13:29:06Z,2026-04-17T13:30:44Z,2026-04-17T13:30:45Z,2026-04-17T13:34:11Z,2026-04-17T13:30:44Z,0,2026-04-17T13:32:42Z
21,medium,48,620,2,95,job-matrix-mult-48,job-matrix-mult-48-q9n9p,2026-04-17T13:30:21Z,2026-04-17T13:30:21Z,2026-04-17T13:30:52Z,2026-04-17T13:30:53Z,2026-04-17T13:34:45Z,2026-04-17T13:30:52Z,0,2026-04-17T13:37:35Z
22,medium,58,730,34,54,job-matrix-mult-58,job-matrix-mult-58-tphm5,2026-04-17T13:31:15Z,2026-04-17T13:31:15Z,2026-04-17T13:32:46Z,2026-04-17T13:32:47Z,2026-04-17T13:38:59Z,2026-04-17T13:32:46Z,0,2026-04-17T13:37:38Z
23,medium,63,780,46,36,job-matrix-mult-63,job-matrix-mult-63-gvhtc,2026-04-17T13:31:21Z,2026-04-17T13:31:22Z,2026-04-17T13:34:13Z,2026-04-17T13:34:13Z,2026-04-17T13:42:01Z,2026-04-17T13:34:13Z,1,2026-04-17T13:39:03Z
24,medium,96,1150,69,4,job-matrix-mult-96,job-matrix-mult-96-p8rkx,2026-04-17T13:32:17Z,2026-04-17T13:32:17Z,2026-04-17T13:35:49Z,2026-04-17T13:35:50Z,2026-04-17T14:00:00Z,2026-04-17T13:35:49Z,0,2026-04-17T13:56:45Z
25,medium,91,1090,2,88,job-matrix-mult-91,job-matrix-mult-91-4tkbl,2026-04-17T13:34:27Z,2026-04-17T13:34:27Z,2026-04-17T13:34:57Z,2026-04-17T13:34:57Z,2026-04-17T13:55:54Z,2026-04-17T13:34:57Z,0,2026-04-17T13:55:48Z
26,medium,5,200,19,46,job-matrix-mult-5,job-matrix-mult-5-j78g5,2026-04-17T13:34:29Z,2026-04-17T13:34:29Z,2026-04-17T13:34:47Z,2026-04-17T13:34:47Z,2026-04-17T13:34:55Z,2026-04-17T13:34:47Z,0,2026-04-17T13:34:37Z
27,medium,39,520,97,4,job-matrix-mult-39,job-matrix-mult-39-4zdxn,2026-04-17T13:35:01Z,2026-04-17T13:35:01Z,2026-04-17T13:35:13Z,2026-04-17T13:35:14Z,2026-04-17T13:37:28Z,2026-04-17T13:35:13Z,0,2026-04-17T13:39:20Z
28,medium,17,270,41,67,job-matrix-mult-17,job-matrix-mult-17-74htc,2026-04-17T13:36:04Z,2026-04-17T13:36:04Z,2026-04-17T13:37:30Z,2026-04-17T13:37:30Z,2026-04-17T13:37:49Z,2026-04-17T13:37:30Z,0,2026-04-17T13:36:42Z
29,medium,12,220,5,96,job-matrix-mult-12,job-matrix-mult-12-8jr9k,2026-04-17T13:37:56Z,2026-04-17T13:37:57Z,2026-04-17T13:37:57Z,2026-04-17T13:37:57Z,2026-04-17T13:38:07Z,2026-04-17T13:37:57Z,1,2026-04-17T13:38:18Z
30,medium,81,980,20,91,job-matrix-mult-81,job-matrix-mult-81-vhr7c,2026-04-17T13:40:09Z,2026-04-17T13:40:09Z,2026-04-17T13:40:09Z,2026-04-17T13:40:10Z,2026-04-17T13:55:04Z,2026-04-17T13:40:09Z,0,2026-04-17T14:08:52Z
31,medium,100,1190,5,97,job-matrix-mult-100,job-matrix-mult-100-6z4dd,2026-04-17T13:41:08Z,2026-04-17T13:41:08Z,2026-04-17T13:41:08Z,2026-04-17T13:41:09Z,2026-04-17T14:07:53Z,2026-04-17T13:41:08Z,0,2026-04-17T14:08:18Z
32,medium,36,480,65,34,job-matrix-mult-36,job-matrix-mult-36-nhdnr,2026-04-17T13:42:17Z,2026-04-17T13:42:17Z,2026-04-17T13:42:17Z,2026-04-17T13:42:18Z,2026-04-17T13:44:04Z,2026-04-17T13:42:17Z,0,2026-04-17T13:45:37Z
33,medium,22,330,36,44,job-matrix-mult-22,job-matrix-mult-22-dpql8,2026-04-17T13:42:25Z,2026-04-17T13:42:25Z,2026-04-17T13:42:25Z,2026-04-17T13:42:25Z,2026-04-17T13:43:00Z,2026-04-17T13:42:25Z,0,2026-04-17T13:43:30Z
34,medium,25,360,95,2,job-matrix-mult-25,job-matrix-mult-25-4lmbs,2026-04-17T13:44:41Z,2026-04-17T13:44:41Z,2026-04-17T13:44:41Z,2026-04-17T13:44:42Z,2026-04-17T13:45:26Z,2026-04-17T13:44:41Z,0,2026-04-17T13:46:06Z
35,medium,11,210,73,12,job-matrix-mult-11,job-matrix-mult-11-4hwh5,2026-04-17T13:44:56Z,2026-04-17T13:44:56Z,2026-04-17T13:44:56Z,2026-04-17T13:44:57Z,2026-04-17T13:45:07Z,2026-04-17T13:44:56Z,0,2026-04-17T13:45:14Z
36,medium,31,430,8,83,job-matrix-mult-31,job-matrix-mult-31-mdqzm,2026-04-17T13:46:32Z,2026-04-17T13:46:33Z,2026-04-17T13:46:33Z,2026-04-17T13:46:33Z,2026-04-17T13:48:09Z,2026-04-17T13:46:33Z,1,2026-04-17T13:49:01Z
37,medium,26,370,28,61,job-matrix-mult-26,job-matrix-mult-26-d8bxp,2026-04-17T13:47:45Z,2026-04-17T13:47:45Z,2026-04-17T13:47:45Z,2026-04-17T13:47:46Z,2026-04-17T13:48:35Z,2026-04-17T13:47:45Z,0,2026-04-17T13:49:21Z
38,medium,77,940,15,62,job-matrix-mult-77,job-matrix-mult-77-c88mm,2026-04-17T13:50:47Z,2026-04-17T13:50:47Z,2026-04-17T13:50:47Z,2026-04-17T13:50:48Z,2026-04-17T14:04:10Z,2026-04-17T13:50:47Z,0,2026-04-17T14:15:55Z
39,medium,40,530,43,85,job-matrix-mult-40,job-matrix-mult-40-cmcv2,2026-04-17T13:51:56Z,2026-04-17T13:51:56Z,2026-04-17T13:51:56Z,2026-04-17T13:51:57Z,2026-04-17T13:54:18Z,2026-04-17T13:51:56Z,0,2026-04-17T13:56:27Z
40,medium,94,1130,59,35,job-matrix-mult-94,job-matrix-mult-94-z6dlv,2026-04-17T13:54:18Z,2026-04-17T13:54:18Z,2026-04-17T13:54:18Z,2026-04-17T13:54:19Z,2026-04-17T14:17:41Z,2026-04-17T13:54:18Z,0,2026-04-17T14:18:06Z
41,medium,83,1010,14,83,job-matrix-mult-83,job-matrix-mult-83-zpmsc,2026-04-17T13:54:25Z,2026-04-17T13:54:25Z,2026-04-17T13:54:25Z,2026-04-17T13:54:26Z,2026-04-17T14:11:36Z,2026-04-17T13:54:25Z,0,2026-04-17T14:24:09Z
42,medium,72,880,58,41,job-matrix-mult-72,job-matrix-mult-72-98ccs,2026-04-17T13:55:00Z,2026-04-17T13:55:00Z,2026-04-17T13:55:00Z,2026-04-17T13:55:01Z,2026-04-17T14:05:54Z,2026-04-17T13:55:00Z,0,2026-04-17T14:15:40Z
43,medium,93,1120,10,74,job-matrix-mult-93,job-matrix-mult-93-t4dz5,2026-04-17T13:55:05Z,2026-04-17T13:55:05Z,2026-04-17T13:55:05Z,2026-04-17T13:55:06Z,2026-04-17T14:17:31Z,2026-04-17T13:55:05Z,0,2026-04-17T14:18:00Z
44,medium,88,1060,47,12,job-matrix-mult-88,job-matrix-mult-88-7g5tw,2026-04-17T13:55:26Z,2026-04-17T13:55:26Z,2026-04-17T13:55:26Z,2026-04-17T13:55:26Z,2026-04-17T14:14:46Z,2026-04-17T13:55:26Z,0,2026-04-17T14:14:31Z
45,medium,37,490,30,89,job-matrix-mult-37,job-matrix-mult-37-fv264,2026-04-17T13:57:09Z,2026-04-17T13:57:10Z,2026-04-17T13:57:10Z,2026-04-17T13:57:10Z,2026-04-17T13:59:04Z,2026-04-17T13:57:10Z,1,2026-04-17T14:00:46Z
46,medium,35,470,21,73,job-matrix-mult-35,job-matrix-mult-35-hhvrv,2026-04-17T13:58:47Z,2026-04-17T13:58:48Z,2026-04-17T13:59:06Z,2026-04-17T13:59:06Z,2026-04-17T14:01:06Z,2026-04-17T13:59:06Z,1,2026-04-17T14:01:56Z
47,medium,75,920,4,80,job-matrix-mult-75,job-matrix-mult-75-rglm2,2026-04-17T14:00:12Z,2026-04-17T14:00:12Z,2026-04-17T14:00:12Z,2026-04-17T14:00:13Z,2026-04-17T14:12:58Z,2026-04-17T14:00:12Z,0,2026-04-17T14:23:46Z
48,medium,28,390,1,100,job-matrix-mult-28,job-matrix-mult-28-qqn7z,2026-04-17T14:03:49Z,2026-04-17T14:03:49Z,2026-04-17T14:03:49Z,2026-04-17T14:03:50Z,2026-04-17T14:04:47Z,2026-04-17T14:03:49Z,0,2026-04-17T14:05:37Z
49,medium,76,930,67,33,job-matrix-mult-76,job-matrix-mult-76-6vk46,2026-04-17T14:04:44Z,2026-04-17T14:04:44Z,2026-04-17T14:04:44Z,2026-04-17T14:04:45Z,2026-04-17T14:17:44Z,2026-04-17T14:04:44Z,0,2026-04-17T14:29:38Z
50,medium,23,340,82,7,job-matrix-mult-23,job-matrix-mult-23-9p7tl,2026-04-17T14:05:09Z,2026-04-17T14:05:09Z,2026-04-17T14:05:09Z,2026-04-17T14:05:10Z,2026-04-17T14:05:48Z,2026-04-17T14:05:09Z,0,2026-04-17T14:06:21Z
51,medium,2,700,14,35,job-matrix-mult-2,job-matrix-mult-2-lmqbb,2026-04-17T14:05:35Z,2026-04-17T14:05:35Z,2026-04-17T14:05:50Z,2026-04-17T14:05:50Z,2026-04-17T14:11:21Z,2026-04-17T14:05:50Z,0,2026-04-17T14:11:19Z
52,medium,61,760,60,30,job-matrix-mult-61,job-matrix-mult-61-ppj9f,2026-04-17T14:06:06Z,2026-04-17T14:06:06Z,2026-04-17T14:06:06Z,2026-04-17T14:06:07Z,2026-04-17T14:13:08Z,2026-04-17T14:06:06Z,0,2026-04-17T14:13:20Z
53,medium,20,310,9,90,job-matrix-mult-20,job-matrix-mult-20-kn6wd,2026-04-17T14:07:42Z,2026-04-17T14:07:42Z,2026-04-17T14:07:54Z,2026-04-17T14:07:55Z,2026-04-17T14:08:24Z,2026-04-17T14:07:54Z,0,2026-04-17T14:08:38Z
54,medium,1,500,7,9,job-matrix-mult-1,job-matrix-mult-1-x4dwf,2026-04-17T14:08:03Z,2026-04-17T14:08:03Z,2026-04-17T14:08:25Z,2026-04-17T14:08:26Z,2026-04-17T14:10:26Z,2026-04-17T14:08:25Z,0,2026-04-17T14:10:18Z
55,medium,57,720,7,88,job-matrix-mult-57,job-matrix-mult-57-pwrn8,2026-04-17T14:08:06Z,2026-04-17T14:08:06Z,2026-04-17T14:10:28Z,2026-04-17T14:10:28Z,2026-04-17T14:16:26Z,2026-04-17T14:10:28Z,0,2026-04-17T14:14:14Z
56,medium,66,820,79,22,job-matrix-mult-66,job-matrix-mult-66-st6g2,2026-04-17T14:08:51Z,2026-04-17T14:08:51Z,2026-04-17T14:13:00Z,2026-04-17T14:13:01Z,2026-04-17T14:21:52Z,2026-04-17T14:13:00Z,0,2026-04-17T14:25:39Z
57,medium,43,560,6,91,job-matrix-mult-43,job-matrix-mult-43-dqkmn,2026-04-17T14:09:11Z,2026-04-17T14:09:11Z,2026-04-17T14:11:23Z,2026-04-17T14:11:23Z,2026-04-17T14:14:11Z,2026-04-17T14:11:23Z,0,2026-04-17T14:14:30Z
58,medium,49,630,74,38,job-matrix-mult-49,job-matrix-mult-49-mtqc8,2026-04-17T14:10:50Z,2026-04-17T14:10:50Z,2026-04-17T14:11:38Z,2026-04-17T14:11:39Z,2026-04-17T14:15:40Z,2026-04-17T14:11:38Z,0,2026-04-17T14:18:23Z
59,medium,82,990,45,7,job-matrix-mult-82,job-matrix-mult-82-n6gmr,2026-04-17T14:10:57Z,2026-04-17T14:10:57Z,2026-04-17T14:14:48Z,2026-04-17T14:14:48Z,2026-04-17T14:30:18Z,2026-04-17T14:14:48Z,0,2026-04-17T14:40:06Z
60,medium,97,1160,23,80,job-matrix-mult-97,job-matrix-mult-97-gl48s,2026-04-17T14:11:19Z,2026-04-17T14:11:19Z,2026-04-17T14:13:10Z,2026-04-17T14:13:11Z,2026-04-17T14:38:15Z,2026-04-17T14:13:10Z,0,2026-04-17T14:38:15Z
61,medium,56,710,93,14,job-matrix-mult-56,job-matrix-mult-56-dw25v,2026-04-17T14:14:04Z,2026-04-17T14:14:04Z,2026-04-17T14:14:13Z,2026-04-17T14:14:14Z,2026-04-17T14:20:01Z,2026-04-17T14:14:13Z,0,2026-04-17T14:24:52Z
62,medium,21,320,57,13,job-matrix-mult-21,job-matrix-mult-21-q825c,2026-04-17T14:16:41Z,2026-04-17T14:16:41Z,2026-04-17T14:16:41Z,2026-04-17T14:16:42Z,2026-04-17T14:17:13Z,2026-04-17T14:16:41Z,0,2026-04-17T14:17:43Z
63,medium,42,550,81,15,job-matrix-mult-42,job-matrix-mult-42-vpffp,2026-04-17T14:17:10Z,2026-04-17T14:17:10Z,2026-04-17T14:17:10Z,2026-04-17T14:17:11Z,2026-04-17T14:19:51Z,2026-04-17T14:17:10Z,0,2026-04-17T14:22:15Z
64,medium,27,380,63,19,job-matrix-mult-27,job-matrix-mult-27-4pnnt,2026-04-17T14:17:30Z,2026-04-17T14:17:30Z,2026-04-17T14:17:30Z,2026-04-17T14:17:31Z,2026-04-17T14:18:23Z,2026-04-17T14:17:30Z,0,2026-04-17T14:19:08Z
65,medium,10,900,80,30,job-matrix-mult-10,job-matrix-mult-10-d52j2,2026-04-17T14:18:41Z,2026-04-17T14:18:41Z,2026-04-17T14:18:41Z,2026-04-17T14:18:42Z,2026-04-17T14:30:29Z,2026-04-17T14:18:41Z,0,2026-04-17T14:38:52Z
66,medium,15,250,16,84,job-matrix-mult-15,job-matrix-mult-15-s2s58,2026-04-17T14:20:24Z,2026-04-17T14:20:24Z,2026-04-17T14:20:24Z,2026-04-17T14:20:24Z,2026-04-17T14:20:39Z,2026-04-17T14:20:24Z,0,2026-04-17T14:20:53Z
67,medium,19,290,68,25,job-matrix-mult-19,job-matrix-mult-19-f5rxh,2026-04-17T14:24:22Z,2026-04-17T14:24:22Z,2026-04-17T14:24:22Z,2026-04-17T14:24:23Z,2026-04-17T14:24:46Z,2026-04-17T14:24:22Z,0,2026-04-17T14:25:08Z
68,medium,16,260,99,3,job-matrix-mult-16,job-matrix-mult-16-4r66t,2026-04-17T14:26:19Z,2026-04-17T14:26:19Z,2026-04-17T14:26:19Z,2026-04-17T14:26:20Z,2026-04-17T14:26:37Z,2026-04-17T14:26:19Z,0,2026-04-17T14:26:52Z
69,medium,30,420,70,11,job-matrix-mult-30,job-matrix-mult-30-vnxtc,2026-04-17T14:27:29Z,2026-04-17T14:27:29Z,2026-04-17T14:27:29Z,2026-04-17T14:27:30Z,2026-04-17T14:28:40Z,2026-04-17T14:27:29Z,0,2026-04-17T14:29:48Z
70,medium,41,540,26,64,job-matrix-mult-41,job-matrix-mult-41-ztqzg,2026-04-17T14:28:00Z,2026-04-17T14:28:00Z,2026-04-17T14:28:00Z,2026-04-17T14:28:01Z,2026-04-17T14:30:32Z,2026-04-17T14:28:00Z,0,2026-04-17T14:32:48Z
71,medium,64,790,100,8,job-matrix-mult-64,job-matrix-mult-64-tgl72,2026-04-17T14:29:05Z,2026-04-17T14:29:05Z,2026-04-17T14:29:05Z,2026-04-17T14:29:06Z,2026-04-17T14:36:55Z,2026-04-17T14:29:05Z,0,2026-04-17T14:44:05Z
72,medium,50,640,11,86,job-matrix-mult-50,job-matrix-mult-50-vrhq2,2026-04-17T14:31:29Z,2026-04-17T14:31:29Z,2026-04-17T14:31:29Z,2026-04-17T14:31:29Z,2026-04-17T14:35:42Z,2026-04-17T14:31:29Z,0,2026-04-17T14:39:26Z
73,medium,47,610,61,9,job-matrix-mult-47,job-matrix-mult-47-gk4bs,2026-04-17T14:36:31Z,2026-04-17T14:36:31Z,2026-04-17T14:36:31Z,2026-04-17T14:36:32Z,2026-04-17T14:40:10Z,2026-04-17T14:36:31Z,0,2026-04-17T14:43:24Z
74,medium,78,950,86,2,job-matrix-mult-78,job-matrix-mult-78-kgxb9,2026-04-17T14:38:21Z,2026-04-17T14:38:21Z,2026-04-17T14:38:21Z,2026-04-17T14:38:22Z,2026-04-17T14:52:44Z,2026-04-17T14:38:21Z,0,2026-04-17T15:04:16Z
75,medium,90,1080,56,39,job-matrix-mult-90,job-matrix-mult-90-mtpsd,2026-04-17T14:39:44Z,2026-04-17T14:39:44Z,2026-04-17T14:39:44Z,2026-04-17T14:39:45Z,2026-04-17T14:59:50Z,2026-04-17T14:39:44Z,0,2026-04-17T15:00:37Z
76,medium,14,240,47,59,job-matrix-mult-14,job-matrix-mult-14-cl4hf,2026-04-17T14:39:50Z,2026-04-17T14:39:50Z,2026-04-17T14:39:50Z,2026-04-17T14:39:50Z,2026-04-17T14:40:06Z,2026-04-17T14:39:50Z,0,2026-04-17T14:40:17Z
77,medium,38,510,12,56,job-matrix-mult-38,job-matrix-mult-38-cd7l8,2026-04-17T14:40:03Z,2026-04-17T14:40:03Z,2026-04-17T14:40:03Z,2026-04-17T14:40:04Z,2026-04-17T14:42:10Z,2026-04-17T14:40:03Z,0,2026-04-17T14:44:02Z
78,medium,3,1000,42,87,job-matrix-mult-3,job-matrix-mult-3-tfmt8,2026-04-17T14:40:30Z,2026-04-17T14:40:30Z,2026-04-17T14:40:30Z,2026-04-17T14:40:31Z,2026-04-17T14:56:29Z,2026-04-17T14:40:30Z,0,2026-04-17T14:56:42Z
79,medium,98,1170,41,53,job-matrix-mult-98,job-matrix-mult-98-c4smf,2026-04-17T14:41:04Z,2026-04-17T14:41:04Z,2026-04-17T14:41:04Z,2026-04-17T14:41:05Z,2026-04-17T15:06:54Z,2026-04-17T14:41:04Z,0,2026-04-17T15:06:54Z
80,medium,87,1050,71,29,job-matrix-mult-87,job-matrix-mult-87-7gg8m,2026-04-17T14:44:17Z,2026-04-17T14:44:17Z,2026-04-17T14:44:18Z,2026-04-17T14:44:18Z,2026-04-17T15:02:48Z,2026-04-17T14:44:18Z,0,2026-04-17T15:02:51Z
81,medium,60,750,27,71,job-matrix-mult-60,job-matrix-mult-60-6tmxt,2026-04-17T14:45:12Z,2026-04-17T14:45:12Z,2026-04-17T14:45:12Z,2026-04-17T14:45:13Z,2026-04-17T14:51:55Z,2026-04-17T14:45:12Z,0,2026-04-17T14:53:12Z
82,medium,84,1020,96,11,job-matrix-mult-84,job-matrix-mult-84-ljgtg,2026-04-17T14:45:40Z,2026-04-17T14:45:40Z,2026-04-17T14:45:40Z,2026-04-17T14:45:40Z,2026-04-17T15:03:09Z,2026-04-17T14:45:40Z,0,2026-04-17T15:02:46Z
83,medium,85,1030,38,59,job-matrix-mult-85,job-matrix-mult-85-28px4,2026-04-17T14:45:56Z,2026-04-17T14:45:56Z,2026-04-17T14:45:56Z,2026-04-17T14:45:56Z,2026-04-17T15:03:42Z,2026-04-17T14:45:56Z,0,2026-04-17T15:03:46Z
84,medium,7,400,99,98,job-matrix-mult-7,job-matrix-mult-7-rvgvr,2026-04-17T14:46:05Z,2026-04-17T14:46:06Z,2026-04-17T14:46:06Z,2026-04-17T14:46:06Z,2026-04-17T14:47:07Z,2026-04-17T14:46:06Z,1,2026-04-17T14:47:11Z
85,medium,29,410,39,52,job-matrix-mult-29,job-matrix-mult-29-bz8ts,2026-04-17T14:46:17Z,2026-04-17T14:46:17Z,2026-04-17T14:47:09Z,2026-04-17T14:47:09Z,2026-04-17T14:48:16Z,2026-04-17T14:47:09Z,0,2026-04-17T14:48:20Z
86,medium,79,960,31,47,job-matrix-mult-79,job-matrix-mult-79-rlnmg,2026-04-17T14:48:58Z,2026-04-17T14:48:58Z,2026-04-17T14:48:58Z,2026-04-17T14:48:59Z,2026-04-17T15:03:12Z,2026-04-17T14:48:58Z,0,2026-04-17T15:15:32Z
87,medium,24,350,14,66,job-matrix-mult-24,job-matrix-mult-24-kbsx5,2026-04-17T14:49:00Z,2026-04-17T14:49:00Z,2026-04-17T14:51:57Z,2026-04-17T14:51:58Z,2026-04-17T14:52:39Z,2026-04-17T14:51:57Z,0,2026-04-17T14:50:20Z
88,medium,4,1100,25,60,job-matrix-mult-4,job-matrix-mult-4-j2wl6,2026-04-17T14:51:42Z,2026-04-17T14:51:42Z,2026-04-17T15:03:11Z,2026-04-17T15:03:12Z,2026-04-17T15:24:32Z,2026-04-17T15:03:11Z,0,2026-04-17T15:13:20Z
89,medium,59,740,52,17,job-matrix-mult-59,job-matrix-mult-59-mqqww,2026-04-17T14:52:01Z,2026-04-17T14:52:02Z,2026-04-17T14:52:40Z,2026-04-17T14:52:41Z,2026-04-17T14:59:07Z,2026-04-17T14:52:40Z,1,2026-04-17T14:58:48Z
90,medium,80,970,53,18,job-matrix-mult-80,job-matrix-mult-80-4bqnb,2026-04-17T14:52:19Z,2026-04-17T14:52:19Z,2026-04-17T15:03:14Z,2026-04-17T15:03:14Z,2026-04-17T15:17:51Z,2026-04-17T15:03:14Z,0,2026-04-17T15:19:47Z
91,medium,70,860,44,16,job-matrix-mult-70,job-matrix-mult-70-2xdwk,2026-04-17T14:52:25Z,2026-04-17T14:52:25Z,2026-04-17T14:52:45Z,2026-04-17T14:52:46Z,2026-04-17T15:02:54Z,2026-04-17T14:52:45Z,0,2026-04-17T15:11:34Z
92,medium,45,580,50,20,job-matrix-mult-45,job-matrix-mult-45-kzlbr,2026-04-17T14:53:43Z,2026-04-17T14:53:43Z,2026-04-17T14:58:07Z,2026-04-17T14:58:07Z,2026-04-17T15:01:14Z,2026-04-17T14:58:07Z,0,2026-04-17T14:59:38Z
93,medium,34,460,92,27,job-matrix-mult-34,job-matrix-mult-34-gwh87,2026-04-17T14:55:38Z,2026-04-17T14:55:38Z,2026-04-17T14:56:30Z,2026-04-17T14:56:31Z,2026-04-17T14:58:05Z,2026-04-17T14:56:30Z,0,2026-04-17T14:58:37Z
94,medium,62,770,13,82,job-matrix-mult-62,job-matrix-mult-62-hr2gt,2026-04-17T14:56:36Z,2026-04-17T14:56:36Z,2026-04-17T14:59:08Z,2026-04-17T14:59:09Z,2026-04-17T15:06:23Z,2026-04-17T14:59:08Z,0,2026-04-17T15:04:31Z
95,medium,54,680,40,72,job-matrix-mult-54,job-matrix-mult-54-qmp2s,2026-04-17T14:57:08Z,2026-04-17T14:57:08Z,2026-04-17T15:02:51Z,2026-04-17T15:02:51Z,2026-04-17T15:07:52Z,2026-04-17T15:02:51Z,0,2026-04-17T15:06:43Z
96,medium,46,590,17,79,job-matrix-mult-46,job-matrix-mult-46-n8vpm,2026-04-17T14:59:39Z,2026-04-17T14:59:39Z,2026-04-17T14:59:52Z,2026-04-17T14:59:53Z,2026-04-17T15:03:12Z,2026-04-17T14:59:52Z,0,2026-04-17T15:05:54Z
97,medium,44,570,33,58,job-matrix-mult-44,job-matrix-mult-44-4z7sm,2026-04-17T15:00:39Z,2026-04-17T15:00:39Z,2026-04-17T15:01:15Z,2026-04-17T15:01:16Z,2026-04-17T15:04:27Z,2026-04-17T15:01:15Z,0,2026-04-17T15:06:18Z
98,medium,67,830,35,69,job-matrix-mult-67,job-matrix-mult-67-x9mvl,2026-04-17T15:00:50Z,2026-04-17T15:00:50Z,2026-04-17T15:02:56Z,2026-04-17T15:02:57Z,2026-04-17T15:12:10Z,2026-04-17T15:02:56Z,0,2026-04-17T15:18:13Z
99,medium,53,670,85,5,job-matrix-mult-53,job-matrix-mult-53-cv2br,2026-04-17T15:03:48Z,2026-04-17T15:03:48Z,2026-04-17T15:03:48Z,2026-04-17T15:03:49Z,2026-04-17T15:08:37Z,2026-04-17T15:03:48Z,0,2026-04-17T15:12:56Z
100,medium,9,800,2,78,job-matrix-mult-9,job-matrix-mult-9-p624q,2026-04-17T15:04:19Z,2026-04-17T15:04:19Z,2026-04-17T15:04:19Z,2026-04-17T15:04:20Z,2026-04-17T15:12:29Z,2026-04-17T15:04:19Z,0,2026-04-17T15:12:42Z
