order,rho,ori_id,size,fill_a,fill_b,job_name,pod_name,arrival_timestamp,pod_creation_timestamp,container_creation_timestamp,container_started_at,finished_at,scheduled_at,queue_wait_seconds,deadline_timestamp,,,arrival_timestamp_clean,pod_creation_timestamp_clean,container_creation_timestamp_clean,container_started_at_clean,finished_at_clean,scheduled_at_clean,queue_wait_seconds_clean,deadline_timestamp_clean,runtime,deadline_duration,deadline miss,lateness
1,high,97,1160,23,80,job-matrix-mult-97-def,job-matrix-mult-97-def-wtdcs,2026-05-06T08:17:11Z,2026-05-06T08:17:11Z,2026-05-06T08:17:11Z,2026-05-06T08:17:12Z,2026-05-06T08:43:21Z,2026-05-06T08:17:11Z,0,2026-05-06T08:45:28Z,,,08:17:11,08:17:11,08:17:11,08:17:12,08:43:21,08:17:11,0,08:45:28,1570,1697,NO,0
2,high,65,810,3,94,job-matrix-mult-65-def,job-matrix-mult-65-def-qbq92,2026-05-06T08:17:28Z,2026-05-06T08:17:28Z,2026-05-06T08:17:28Z,2026-05-06T08:17:28Z,2026-05-06T08:25:56Z,2026-05-06T08:17:28Z,0,2026-05-06T08:34:36Z,,,08:17:28,08:17:28,08:17:28,08:17:28,08:25:56,08:17:28,0,08:34:36,508,1028,NO,0
3,high,39,520,97,4,job-matrix-mult-39-def,job-matrix-mult-39-def-gmdb4,2026-05-06T08:20:00Z,2026-05-06T08:20:00Z,2026-05-06T08:20:00Z,2026-05-06T08:20:01Z,2026-05-06T08:22:17Z,2026-05-06T08:20:00Z,0,2026-05-06T08:24:32Z,,,08:20:00,08:20:00,08:20:00,08:20:01,08:22:17,08:20:00,0,08:24:32,137,272,NO,0
4,high,100,1190,5,97,job-matrix-mult-100-def,job-matrix-mult-100-def-nwj8p,2026-05-06T08:20:37Z,2026-05-06T08:20:37Z,2026-05-06T08:20:37Z,2026-05-06T08:20:38Z,2026-05-06T08:47:22Z,2026-05-06T08:20:37Z,0,2026-05-06T08:49:09Z,,,08:20:37,08:20:37,08:20:37,08:20:38,08:47:22,08:20:37,0,08:49:09,1605,1712,NO,0
5,high,3,1000,42,87,job-matrix-mult-3-def,job-matrix-mult-3-def-xh226,2026-05-06T08:22:30Z,2026-05-06T08:22:30Z,2026-05-06T08:22:30Z,2026-05-06T08:22:31Z,2026-05-06T08:38:28Z,2026-05-06T08:22:30Z,0,2026-05-06T08:39:31Z,,,08:22:30,08:22:30,08:22:30,08:22:31,08:38:28,08:22:30,0,08:39:31,958,1021,NO,0
6,high,78,950,86,2,job-matrix-mult-78-def,job-matrix-mult-78-def-zc8q9,2026-05-06T08:23:54Z,2026-05-06T08:23:55Z,2026-05-06T08:23:55Z,2026-05-06T08:23:55Z,2026-05-06T08:37:38Z,2026-05-06T08:23:55Z,1,2026-05-06T08:51:08Z,,,08:23:54,08:23:55,08:23:55,08:23:55,08:37:38,08:23:55,1,08:51:08,823,1633,NO,0
7,high,35,470,21,73,job-matrix-mult-35-def,job-matrix-mult-35-def-hv267,2026-05-06T08:23:56Z,2026-05-06T08:23:56Z,2026-05-06T08:23:56Z,2026-05-06T08:23:57Z,2026-05-06T08:25:35Z,2026-05-06T08:23:56Z,0,2026-05-06T08:27:14Z,,,08:23:56,08:23:56,08:23:56,08:23:57,08:25:35,08:23:56,0,08:27:14,99,198,NO,0
8,high,29,410,39,52,job-matrix-mult-29-def,job-matrix-mult-29-def-26s2n,2026-05-06T08:24:58Z,2026-05-06T08:24:58Z,2026-05-06T08:24:58Z,2026-05-06T08:24:59Z,2026-05-06T08:26:04Z,2026-05-06T08:24:58Z,0,2026-05-06T08:27:08Z,,,08:24:58,08:24:58,08:24:58,08:24:59,08:26:04,08:24:58,0,08:27:08,66,130,NO,0
9,high,14,240,47,59,job-matrix-mult-14-def,job-matrix-mult-14-def-f6lqq,2026-05-06T08:25:28Z,2026-05-06T08:25:28Z,2026-05-06T08:25:28Z,2026-05-06T08:25:29Z,2026-05-06T08:25:42Z,2026-05-06T08:25:28Z,0,2026-05-06T08:25:57Z,,,08:25:28,08:25:28,08:25:28,08:25:29,08:25:42,08:25:28,0,08:25:57,14,29,NO,0
10,high,7,400,99,98,job-matrix-mult-7-def,job-matrix-mult-7-def-8jpt5,2026-05-06T08:29:00Z,2026-05-06T08:29:01Z,2026-05-06T08:29:01Z,2026-05-06T08:29:01Z,2026-05-06T08:30:02Z,2026-05-06T08:29:01Z,1,2026-05-06T08:30:10Z,,,08:29:00,08:29:01,08:29:01,08:29:01,08:30:02,08:29:01,1,08:30:10,61,69,NO,0
11,high,33,450,55,6,job-matrix-mult-33-def,job-matrix-mult-33-def-d8cms,2026-05-06T08:31:36Z,2026-05-06T08:31:36Z,2026-05-06T08:31:36Z,2026-05-06T08:31:37Z,2026-05-06T08:33:06Z,2026-05-06T08:31:36Z,0,2026-05-06T08:34:29Z,,,08:31:36,08:31:36,08:31:36,08:31:37,08:33:06,08:31:36,0,08:34:29,90,173,NO,0
12,high,17,270,41,67,job-matrix-mult-17-def,job-matrix-mult-17-def-mdsmz,2026-05-06T08:32:11Z,2026-05-06T08:32:11Z,2026-05-06T08:32:11Z,2026-05-06T08:32:12Z,2026-05-06T08:32:31Z,2026-05-06T08:32:11Z,0,2026-05-06T08:32:51Z,,,08:32:11,08:32:11,08:32:11,08:32:12,08:32:31,08:32:11,0,08:32:51,20,40,NO,0
13,high,49,630,74,38,job-matrix-mult-49-def,job-matrix-mult-49-def-rhmbt,2026-05-06T08:32:43Z,2026-05-06T08:32:43Z,2026-05-06T08:32:43Z,2026-05-06T08:32:44Z,2026-05-06T08:36:45Z,2026-05-06T08:32:43Z,0,2026-05-06T08:40:39Z,,,08:32:43,08:32:43,08:32:43,08:32:44,08:36:45,08:32:43,0,08:40:39,242,476,NO,0
14,high,94,1130,59,35,job-matrix-mult-94-def,job-matrix-mult-94-def-cqvq7,2026-05-06T08:37:00Z,2026-05-06T08:37:01Z,2026-05-06T08:37:01Z,2026-05-06T08:37:01Z,2026-05-06T08:59:59Z,2026-05-06T08:37:01Z,1,2026-05-06T09:02:01Z,,,08:37:00,08:37:01,08:37:01,08:37:01,08:59:59,08:37:01,1,09:02:01,1378,1500,NO,0
15,high,41,540,26,64,job-matrix-mult-41-def,job-matrix-mult-41-def-nr4v7,2026-05-06T08:37:09Z,2026-05-06T08:37:09Z,2026-05-06T08:37:09Z,2026-05-06T08:37:10Z,2026-05-06T08:39:59Z,2026-05-06T08:37:09Z,0,2026-05-06T08:42:12Z,,,08:37:09,08:37:09,08:37:09,08:37:10,08:39:59,08:37:09,0,08:42:12,170,303,NO,0
16,high,13,230,88,31,job-matrix-mult-13-def,job-matrix-mult-13-def-pq9c5,2026-05-06T08:38:27Z,2026-05-06T08:38:27Z,2026-05-06T08:38:27Z,2026-05-06T08:38:28Z,2026-05-06T08:38:39Z,2026-05-06T08:38:27Z,0,2026-05-06T08:38:52Z,,,08:38:27,08:38:27,08:38:27,08:38:28,08:38:39,08:38:27,0,08:38:52,12,25,NO,0
17,high,11,210,73,12,job-matrix-mult-11-def,job-matrix-mult-11-def-gqzlc,2026-05-06T08:40:05Z,2026-05-06T08:40:05Z,2026-05-06T08:40:05Z,2026-05-06T08:40:06Z,2026-05-06T08:40:15Z,2026-05-06T08:40:05Z,0,2026-05-06T08:40:24Z,,,08:40:05,08:40:05,08:40:05,08:40:06,08:40:15,08:40:05,0,08:40:24,10,19,NO,0
18,high,93,1120,10,74,job-matrix-mult-93-def,job-matrix-mult-93-def-7lmcq,2026-05-06T08:40:16Z,2026-05-06T08:40:17Z,2026-05-06T08:40:17Z,2026-05-06T08:40:17Z,2026-05-06T09:02:47Z,2026-05-06T08:40:17Z,1,2026-05-06T09:04:21Z,,,08:40:16,08:40:17,08:40:17,08:40:17,09:02:47,08:40:17,1,09:04:21,1350,1444,NO,0
19,high,28,390,1,100,job-matrix-mult-28-def,job-matrix-mult-28-def-q7fvt,2026-05-06T08:40:40Z,2026-05-06T08:40:40Z,2026-05-06T08:40:40Z,2026-05-06T08:40:41Z,2026-05-06T08:41:51Z,2026-05-06T08:40:40Z,0,2026-05-06T08:42:34Z,,,08:40:40,08:40:40,08:40:40,08:40:41,08:41:51,08:40:40,0,08:42:34,71,114,NO,0
20,high,5,200,19,46,job-matrix-mult-5-def,job-matrix-mult-5-def-dgxmb,2026-05-06T08:42:09Z,2026-05-06T08:42:09Z,2026-05-06T08:42:09Z,2026-05-06T08:42:10Z,2026-05-06T08:42:18Z,2026-05-06T08:42:09Z,0,2026-05-06T08:42:18Z,,,08:42:09,08:42:09,08:42:09,08:42:10,08:42:18,08:42:09,0,08:42:18,9,9,NO,0
21,high,53,670,85,5,job-matrix-mult-53-def,job-matrix-mult-53-def-lg52z,2026-05-06T08:42:17Z,2026-05-06T08:42:17Z,2026-05-06T08:42:17Z,2026-05-06T08:42:18Z,2026-05-06T08:47:05Z,2026-05-06T08:42:17Z,0,2026-05-06T08:51:53Z,,,08:42:17,08:42:17,08:42:17,08:42:18,08:47:05,08:42:17,0,08:51:53,288,576,NO,0
22,high,76,930,67,33,job-matrix-mult-76-def,job-matrix-mult-76-def-qdwjm,2026-05-06T08:43:02Z,2026-05-06T08:43:03Z,2026-05-06T08:43:03Z,2026-05-06T08:43:03Z,2026-05-06T08:55:51Z,2026-05-06T08:43:03Z,1,2026-05-06T09:09:12Z,,,08:43:02,08:43:03,08:43:03,08:43:03,08:55:51,08:43:03,1,09:09:12,768,1569,NO,0
23,high,38,510,12,56,job-matrix-mult-38-def,job-matrix-mult-38-def-hcppt,2026-05-06T08:46:15Z,2026-05-06T08:46:15Z,2026-05-06T08:46:15Z,2026-05-06T08:46:16Z,2026-05-06T08:48:22Z,2026-05-06T08:46:15Z,0,2026-05-06T08:50:26Z,,,08:46:15,08:46:15,08:46:15,08:46:16,08:48:22,08:46:15,0,08:50:26,127,251,NO,0
24,high,71,870,6,99,job-matrix-mult-71-def,job-matrix-mult-71-def-2fkjv,2026-05-06T08:46:15Z,2026-05-06T08:46:15Z,2026-05-06T08:46:15Z,2026-05-06T08:46:16Z,2026-05-06T08:56:54Z,2026-05-06T08:46:15Z,0,2026-05-06T09:07:42Z,,,08:46:15,08:46:15,08:46:15,08:46:16,08:56:54,08:46:15,0,09:07:42,639,1287,NO,0
25,high,48,620,2,95,job-matrix-mult-48-def,job-matrix-mult-48-def-w98t9,2026-05-06T08:47:49Z,2026-05-06T08:47:49Z,2026-05-06T08:47:49Z,2026-05-06T08:47:50Z,2026-05-06T08:51:48Z,2026-05-06T08:47:49Z,0,2026-05-06T08:55:25Z,,,08:47:49,08:47:49,08:47:49,08:47:50,08:51:48,08:47:49,0,08:55:25,239,456,NO,0
26,high,70,860,44,16,job-matrix-mult-70-def,job-matrix-mult-70-def-rhhln,2026-05-06T08:48:17Z,2026-05-06T08:48:18Z,2026-05-06T08:48:18Z,2026-05-06T08:48:18Z,2026-05-06T08:58:29Z,2026-05-06T08:48:18Z,1,2026-05-06T09:08:25Z,,,08:48:17,08:48:18,08:48:18,08:48:18,08:58:29,08:48:18,1,09:08:25,611,1207,NO,0
27,high,56,710,93,14,job-matrix-mult-56-def,job-matrix-mult-56-def-zf6f6,2026-05-06T08:48:46Z,2026-05-06T08:48:46Z,2026-05-06T08:48:46Z,2026-05-06T08:48:47Z,2026-05-06T08:55:16Z,2026-05-06T08:48:46Z,0,2026-05-06T09:00:07Z,,,08:48:46,08:48:46,08:48:46,08:48:47,08:55:16,08:48:46,0,09:00:07,390,681,NO,0
28,high,30,420,70,11,job-matrix-mult-30-def,job-matrix-mult-30-def-k5f9k,2026-05-06T08:50:17Z,2026-05-06T08:50:17Z,2026-05-06T08:50:17Z,2026-05-06T08:50:18Z,2026-05-06T08:51:31Z,2026-05-06T08:50:17Z,0,2026-05-06T08:52:43Z,,,08:50:17,08:50:17,08:50:17,08:50:18,08:51:31,08:50:17,0,08:52:43,74,146,NO,0
29,high,74,910,72,23,job-matrix-mult-74-def,job-matrix-mult-74-def-zrpmh,2026-05-06T08:51:00Z,2026-05-06T08:51:00Z,2026-05-06T08:51:00Z,2026-05-06T08:51:01Z,2026-05-06T09:03:10Z,2026-05-06T08:51:00Z,0,2026-05-06T09:14:46Z,,,08:51:00,08:51:00,08:51:00,08:51:01,09:03:10,08:51:00,0,09:14:46,730,1426,NO,0
30,high,12,220,5,96,job-matrix-mult-12-def,job-matrix-mult-12-def-t5stm,2026-05-06T08:51:07Z,2026-05-06T08:51:08Z,2026-05-06T08:51:32Z,2026-05-06T08:51:33Z,2026-05-06T08:51:43Z,2026-05-06T08:51:32Z,1,2026-05-06T08:51:31Z,,,08:51:07,08:51:08,08:51:32,08:51:33,08:51:43,08:51:32,25,08:51:31,11,23,YES,12
31,high,20,310,9,90,job-matrix-mult-20-def,job-matrix-mult-20-def-t2967,2026-05-06T08:51:14Z,2026-05-06T08:51:14Z,2026-05-06T08:51:45Z,2026-05-06T08:51:46Z,2026-05-06T08:52:14Z,2026-05-06T08:51:45Z,0,2026-05-06T08:52:13Z,,,08:51:14,08:51:14,08:51:45,08:51:46,08:52:14,08:51:45,31,08:52:13,29,59,YES,1
32,high,92,1110,77,21,job-matrix-mult-92-def,job-matrix-mult-92-def-n89rl,2026-05-06T08:51:42Z,2026-05-06T08:51:42Z,2026-05-06T08:51:50Z,2026-05-06T08:51:50Z,2026-05-06T09:15:02Z,2026-05-06T08:51:50Z,0,2026-05-06T09:14:48Z,,,08:51:42,08:51:42,08:51:50,08:51:50,09:15:02,08:51:50,8,09:14:48,1392,1386,YES,14
33,high,82,990,45,7,job-matrix-mult-82-def,job-matrix-mult-82-def-94s55,2026-05-06T08:52:25Z,2026-05-06T08:52:25Z,2026-05-06T08:52:25Z,2026-05-06T08:52:26Z,2026-05-06T09:08:03Z,2026-05-06T08:52:25Z,0,2026-05-06T09:23:02Z,,,08:52:25,08:52:25,08:52:25,08:52:26,09:08:03,08:52:25,0,09:23:02,938,1837,NO,0
34,high,86,1040,25,66,job-matrix-mult-86-def,job-matrix-mult-86-def-nkt4r,2026-05-06T08:52:35Z,2026-05-06T08:52:36Z,2026-05-06T08:55:17Z,2026-05-06T08:55:18Z,2026-05-06T09:13:30Z,2026-05-06T08:55:17Z,1,2026-05-06T09:13:28Z,,,08:52:35,08:52:36,08:55:17,08:55:18,09:13:30,08:55:17,162,09:13:28,1093,1252,YES,2
35,high,98,1170,41,53,job-matrix-mult-98-def,job-matrix-mult-98-def-nw2w8,2026-05-06T08:54:13Z,2026-05-06T08:54:13Z,2026-05-06T08:55:53Z,2026-05-06T08:55:54Z,2026-05-06T09:21:20Z,2026-05-06T08:55:53Z,0,2026-05-06T09:21:21Z,,,08:54:13,08:54:13,08:55:53,08:55:54,09:21:20,08:55:53,100,09:21:21,1527,1628,NO,0
36,high,42,550,81,15,job-matrix-mult-42-def,job-matrix-mult-42-def-f6zm6,2026-05-06T08:54:48Z,2026-05-06T08:54:48Z,2026-05-06T08:56:56Z,2026-05-06T08:56:56Z,2026-05-06T08:59:35Z,2026-05-06T08:56:56Z,0,2026-05-06T09:00:09Z,,,08:54:48,08:54:48,08:56:56,08:56:56,08:59:35,08:56:56,128,09:00:09,159,321,NO,0
37,high,47,610,61,9,job-matrix-mult-47-def,job-matrix-mult-47-def-xrj8t,2026-05-06T08:57:59Z,2026-05-06T08:57:59Z,2026-05-06T08:58:30Z,2026-05-06T08:58:31Z,2026-05-06T09:02:08Z,2026-05-06T08:58:30Z,0,2026-05-06T09:05:13Z,,,08:57:59,08:57:59,08:58:30,08:58:31,09:02:08,08:58:30,31,09:05:13,218,434,NO,0
38,high,99,1180,84,15,job-matrix-mult-99-def,job-matrix-mult-99-def-9zv6z,2026-05-06T09:00:16Z,2026-05-06T09:00:16Z,2026-05-06T09:00:17Z,2026-05-06T09:00:17Z,2026-05-06T09:26:21Z,2026-05-06T09:00:16Z,0,2026-05-06T09:28:09Z,,,09:00:16,09:00:16,09:00:17,09:00:17,09:26:21,09:00:16,1,09:28:09,1564,1673,NO,0
39,high,25,360,95,2,job-matrix-mult-25-def,job-matrix-mult-25-def-mqr2q,2026-05-06T09:00:28Z,2026-05-06T09:00:28Z,2026-05-06T09:00:28Z,2026-05-06T09:00:28Z,2026-05-06T09:01:13Z,2026-05-06T09:00:28Z,0,2026-05-06T09:01:58Z,,,09:00:28,09:00:28,09:00:28,09:00:28,09:01:13,09:00:28,0,09:01:58,45,90,NO,0
40,high,83,1010,14,83,job-matrix-mult-83-def,job-matrix-mult-83-def-mwrrp,2026-05-06T09:02:09Z,2026-05-06T09:02:09Z,2026-05-06T09:02:09Z,2026-05-06T09:02:10Z,2026-05-06T09:20:26Z,2026-05-06T09:02:09Z,0,2026-05-06T09:33:23Z,,,09:02:09,09:02:09,09:02:09,09:02:10,09:20:26,09:02:09,0,09:33:23,1097,1874,NO,0
41,high,27,380,63,19,job-matrix-mult-27-def,job-matrix-mult-27-def-md5wf,2026-05-06T09:02:58Z,2026-05-06T09:02:58Z,2026-05-06T09:02:58Z,2026-05-06T09:02:59Z,2026-05-06T09:03:51Z,2026-05-06T09:02:58Z,0,2026-05-06T09:04:41Z,,,09:02:58,09:02:58,09:02:58,09:02:59,09:03:51,09:02:58,0,09:04:41,53,103,NO,0
42,high,66,820,79,22,job-matrix-mult-66-def,job-matrix-mult-66-def-dtfwm,2026-05-06T09:03:16Z,2026-05-06T09:03:16Z,2026-05-06T09:03:16Z,2026-05-06T09:03:17Z,2026-05-06T09:12:05Z,2026-05-06T09:03:16Z,0,2026-05-06T09:20:55Z,,,09:03:16,09:03:16,09:03:16,09:03:17,09:12:05,09:03:16,0,09:20:55,529,1059,NO,0
43,high,73,890,19,76,job-matrix-mult-73-def,job-matrix-mult-73-def-7gr8g,2026-05-06T09:04:23Z,2026-05-06T09:04:23Z,2026-05-06T09:04:23Z,2026-05-06T09:04:23Z,2026-05-06T09:15:36Z,2026-05-06T09:04:23Z,0,2026-05-06T09:26:46Z,,,09:04:23,09:04:23,09:04:23,09:04:23,09:15:36,09:04:23,0,09:26:46,673,1343,NO,0
44,high,89,1070,8,95,job-matrix-mult-89-def,job-matrix-mult-89-def-4xx6r,2026-05-06T09:04:23Z,2026-05-06T09:04:23Z,2026-05-06T09:04:23Z,2026-05-06T09:04:24Z,2026-05-06T09:24:07Z,2026-05-06T09:04:23Z,0,2026-05-06T09:25:35Z,,,09:04:23,09:04:23,09:04:23,09:04:24,09:24:07,09:04:23,0,09:25:35,1184,1272,NO,0
45,high,84,1020,96,11,job-matrix-mult-84-def,job-matrix-mult-84-def-jlnpb,2026-05-06T09:04:40Z,2026-05-06T09:04:40Z,2026-05-06T09:08:05Z,2026-05-06T09:08:06Z,2026-05-06T09:25:39Z,2026-05-06T09:08:05Z,0,2026-05-06T09:22:38Z,,,09:04:40,09:04:40,09:08:05,09:08:06,09:25:39,09:08:05,205,09:22:38,1054,1078,YES,181
46,high,95,1140,32,61,job-matrix-mult-95-def,job-matrix-mult-95-def-q9v7l,2026-05-06T09:06:31Z,2026-05-06T09:06:31Z,2026-05-06T09:12:06Z,2026-05-06T09:12:07Z,2026-05-06T09:35:41Z,2026-05-06T09:12:06Z,0,2026-05-06T09:31:51Z,,,09:06:31,09:06:31,09:12:06,09:12:07,09:35:41,09:12:06,335,09:31:51,1415,1520,YES,230
47,high,85,1030,38,59,job-matrix-mult-85-def,job-matrix-mult-85-def-pbn7k,2026-05-06T09:07:01Z,2026-05-06T09:07:01Z,2026-05-06T09:13:31Z,2026-05-06T09:13:32Z,2026-05-06T09:31:14Z,2026-05-06T09:13:31Z,0,2026-05-06T09:25:45Z,,,09:07:01,09:07:01,09:13:31,09:13:32,09:31:14,09:13:31,390,09:25:45,1063,1124,YES,329
48,high,79,960,31,47,job-matrix-mult-79-def,job-matrix-mult-79-def-7chg6,2026-05-06T09:08:00Z,2026-05-06T09:08:00Z,2026-05-06T09:15:03Z,2026-05-06T09:15:04Z,2026-05-06T09:29:18Z,2026-05-06T09:15:03Z,0,2026-05-06T09:35:54Z,,,09:08:00,09:08:00,09:15:03,09:15:04,09:29:18,09:15:03,423,09:35:54,855,1674,NO,0
49,high,68,840,24,57,job-matrix-mult-68-def,job-matrix-mult-68-def-xjml7,2026-05-06T09:08:18Z,2026-05-06T09:08:18Z,2026-05-06T09:15:37Z,2026-05-06T09:15:38Z,2026-05-06T09:25:03Z,2026-05-06T09:15:37Z,0,2026-05-06T09:27:46Z,,,09:08:18,09:08:18,09:15:37,09:15:38,09:25:03,09:15:37,439,09:27:46,566,1168,NO,0
50,high,10,900,80,30,job-matrix-mult-10-def,job-matrix-mult-10-def-pnvp5,2026-05-06T09:09:35Z,2026-05-06T09:09:35Z,2026-05-06T09:20:28Z,2026-05-06T09:20:29Z,2026-05-06T09:32:16Z,2026-05-06T09:20:28Z,0,2026-05-06T09:30:47Z,,,09:09:35,09:09:35,09:20:28,09:20:29,09:32:16,09:20:28,653,09:30:47,708,1272,YES,89
51,high,60,750,27,71,job-matrix-mult-60-def,job-matrix-mult-60-def-bk4pk,2026-05-06T09:10:39Z,2026-05-06T09:10:39Z,2026-05-06T09:21:21Z,2026-05-06T09:21:22Z,2026-05-06T09:28:05Z,2026-05-06T09:21:21Z,0,2026-05-06T09:19:03Z,,,09:10:39,09:10:39,09:21:21,09:21:22,09:28:05,09:21:21,642,09:19:03,404,504,YES,542
52,high,88,1060,47,12,job-matrix-mult-88-def,job-matrix-mult-88-def-tdjfm,2026-05-06T09:11:06Z,2026-05-06T09:11:06Z,2026-05-06T09:24:09Z,2026-05-06T09:24:10Z,2026-05-06T09:43:08Z,2026-05-06T09:24:09Z,0,2026-05-06T09:31:09Z,,,09:11:06,09:11:06,09:24:09,09:24:10,09:43:08,09:24:09,783,09:31:09,1139,1203,YES,719
53,high,15,250,16,84,job-matrix-mult-15-def,job-matrix-mult-15-def-cfqsm,2026-05-06T09:11:17Z,2026-05-06T09:11:17Z,2026-05-06T09:25:05Z,2026-05-06T09:25:06Z,2026-05-06T09:25:22Z,2026-05-06T09:25:05Z,0,2026-05-06T09:11:48Z,,,09:11:17,09:11:17,09:25:05,09:25:06,09:25:22,09:25:05,828,09:11:48,17,31,YES,814
54,high,34,460,92,27,job-matrix-mult-34-def,job-matrix-mult-34-def-nzbcm,2026-05-06T09:12:08Z,2026-05-06T09:12:08Z,2026-05-06T09:25:23Z,2026-05-06T09:25:24Z,2026-05-06T09:26:57Z,2026-05-06T09:25:23Z,0,2026-05-06T09:15:16Z,,,09:12:08,09:12:08,09:25:23,09:25:24,09:26:57,09:25:23,795,09:15:16,94,188,YES,701
55,high,36,480,65,34,job-matrix-mult-36-def,job-matrix-mult-36-def-sg68k,2026-05-06T09:12:28Z,2026-05-06T09:12:28Z,2026-05-06T09:25:40Z,2026-05-06T09:25:41Z,2026-05-06T09:27:28Z,2026-05-06T09:25:40Z,0,2026-05-06T09:15:58Z,,,09:12:28,09:12:28,09:25:40,09:25:41,09:27:28,09:25:40,792,09:15:58,108,210,YES,690
56,high,75,920,4,80,job-matrix-mult-75-def,job-matrix-mult-75-def-fx4jw,2026-05-06T09:12:42Z,2026-05-06T09:12:42Z,2026-05-06T09:26:23Z,2026-05-06T09:26:24Z,2026-05-06T09:38:48Z,2026-05-06T09:26:23Z,0,2026-05-06T09:37:27Z,,,09:12:42,09:12:42,09:26:23,09:26:24,09:38:48,09:26:23,821,09:37:27,745,1485,YES,81
57,high,40,530,43,85,job-matrix-mult-40-def,job-matrix-mult-40-def-c754r,2026-05-06T09:12:46Z,2026-05-06T09:12:46Z,2026-05-06T09:26:58Z,2026-05-06T09:26:59Z,2026-05-06T09:29:21Z,2026-05-06T09:26:58Z,0,2026-05-06T09:17:31Z,,,09:12:46,09:12:46,09:26:58,09:26:59,09:29:21,09:26:58,852,09:17:31,143,285,YES,710
58,high,87,1050,71,29,job-matrix-mult-87-def,job-matrix-mult-87-def-z9ptq,2026-05-06T09:12:58Z,2026-05-06T09:12:58Z,2026-05-06T09:27:30Z,2026-05-06T09:27:30Z,2026-05-06T09:46:21Z,2026-05-06T09:27:30Z,0,2026-05-06T09:32:28Z,,,09:12:58,09:12:58,09:27:30,09:27:30,09:46:21,09:27:30,872,09:32:28,1131,1170,YES,833
59,high,46,590,17,79,job-matrix-mult-46-def,job-matrix-mult-46-def-7ns96,2026-05-06T09:16:20Z,2026-05-06T09:16:20Z,2026-05-06T09:28:07Z,2026-05-06T09:28:07Z,2026-05-06T09:31:26Z,2026-05-06T09:28:07Z,0,2026-05-06T09:22:54Z,,,09:16:20,09:16:20,09:28:07,09:28:07,09:31:26,09:28:07,707,09:22:54,199,394,YES,512
60,high,58,730,34,54,job-matrix-mult-58-def,job-matrix-mult-58-def-7kgpk,2026-05-06T09:17:32Z,2026-05-06T09:17:32Z,2026-05-06T09:29:19Z,2026-05-06T09:29:20Z,2026-05-06T09:35:33Z,2026-05-06T09:29:19Z,0,2026-05-06T09:24:15Z,,,09:17:32,09:17:32,09:29:19,09:29:20,09:35:33,09:29:19,707,09:24:15,374,403,YES,678
61,high,2,700,14,35,job-matrix-mult-2-def,job-matrix-mult-2-def-f6dg6,2026-05-06T09:18:09Z,2026-05-06T09:18:09Z,2026-05-06T09:31:16Z,2026-05-06T09:31:17Z,2026-05-06T09:36:47Z,2026-05-06T09:31:16Z,0,2026-05-06T09:24:11Z,,,09:18:09,09:18:09,09:31:16,09:31:17,09:36:47,09:31:16,787,09:24:11,331,362,YES,756
62,high,18,280,22,77,job-matrix-mult-18-def,job-matrix-mult-18-def-qptq2,2026-05-06T09:20:30Z,2026-05-06T09:20:30Z,2026-05-06T09:31:27Z,2026-05-06T09:31:28Z,2026-05-06T09:31:49Z,2026-05-06T09:31:27Z,0,2026-05-06T09:21:15Z,,,09:20:30,09:20:30,09:31:27,09:31:28,09:31:49,09:31:27,657,09:21:15,22,45,YES,634
63,high,63,780,46,36,job-matrix-mult-63-def,job-matrix-mult-63-def-mg2n8,2026-05-06T09:20:41Z,2026-05-06T09:20:41Z,2026-05-06T09:31:51Z,2026-05-06T09:31:52Z,2026-05-06T09:39:30Z,2026-05-06T09:31:51Z,0,2026-05-06T09:28:46Z,,,09:20:41,09:20:41,09:31:51,09:31:52,09:39:30,09:31:51,670,09:28:46,459,485,YES,644
64,high,64,790,100,8,job-matrix-mult-64-def,job-matrix-mult-64-def-br8mz,2026-05-06T09:22:29Z,2026-05-06T09:22:29Z,2026-05-06T09:32:18Z,2026-05-06T09:32:19Z,2026-05-06T09:40:29Z,2026-05-06T09:32:18Z,0,2026-05-06T09:38:14Z,,,09:22:29,09:22:29,09:32:18,09:32:19,09:40:29,09:32:18,589,09:38:14,491,945,YES,135
65,high,55,690,29,63,job-matrix-mult-55-def,job-matrix-mult-55-def-mqdmd,2026-05-06T09:22:52Z,2026-05-06T09:22:52Z,2026-05-06T09:35:35Z,2026-05-06T09:35:35Z,2026-05-06T09:40:48Z,2026-05-06T09:35:35Z,0,2026-05-06T09:33:22Z,,,09:22:52,09:22:52,09:35:35,09:35:35,09:40:48,09:35:35,763,09:33:22,313,630,YES,446
66,high,52,660,18,68,job-matrix-mult-52-def,job-matrix-mult-52-def-7gcpk,2026-05-06T09:23:07Z,2026-05-06T09:23:07Z,2026-05-06T09:39:31Z,2026-05-06T09:39:32Z,2026-05-06T09:44:16Z,2026-05-06T09:39:31Z,0,2026-05-06T09:32:29Z,,,09:23:07,09:23:07,09:39:31,09:39:32,09:44:16,09:39:31,984,09:32:29,285,562,YES,707
67,high,51,650,49,26,job-matrix-mult-51-def,job-matrix-mult-51-def-7798l,2026-05-06T09:24:25Z,2026-05-06T09:24:25Z,2026-05-06T09:40:31Z,2026-05-06T09:40:31Z,2026-05-06T09:44:55Z,2026-05-06T09:40:31Z,0,2026-05-06T09:33:10Z,,,09:24:25,09:24:25,09:40:31,09:40:31,09:44:55,09:40:31,966,09:33:10,264,525,YES,705
68,high,24,350,14,66,job-matrix-mult-24-def,job-matrix-mult-24-def-cqp7f,2026-05-06T09:25:26Z,2026-05-06T09:25:26Z,2026-05-06T09:40:50Z,2026-05-06T09:40:50Z,2026-05-06T09:41:31Z,2026-05-06T09:40:50Z,0,2026-05-06T09:26:50Z,,,09:25:26,09:25:26,09:40:50,09:40:50,09:41:31,09:40:50,924,09:26:50,41,84,YES,881
69,high,80,970,53,18,job-matrix-mult-80-def,job-matrix-mult-80-def-vnfmk,2026-05-06T09:26:38Z,2026-05-06T09:26:38Z,2026-05-06T09:41:33Z,2026-05-06T09:41:33Z,2026-05-06T09:56:08Z,2026-05-06T09:41:33Z,0,2026-05-06T09:55:29Z,,,09:26:38,09:26:38,09:41:33,09:41:33,09:56:08,09:41:33,895,09:55:29,875,1731,YES,39
70,high,72,880,58,41,job-matrix-mult-72-def,job-matrix-mult-72-def-r5lfw,2026-05-06T09:28:53Z,2026-05-06T09:28:53Z,2026-05-06T09:29:23Z,2026-05-06T09:29:24Z,2026-05-06T09:40:35Z,2026-05-06T09:29:23Z,0,2026-05-06T09:50:35Z,,,09:28:53,09:28:53,09:29:23,09:29:24,09:40:35,09:29:23,30,09:50:35,672,1302,NO,0
71,high,1,500,7,9,job-matrix-mult-1-def,job-matrix-mult-1-def-2gpp4,2026-05-06T09:29:55Z,2026-05-06T09:29:56Z,2026-05-06T09:42:15Z,2026-05-06T09:42:15Z,2026-05-06T09:44:16Z,2026-05-06T09:42:15Z,1,2026-05-06T09:32:18Z,,,09:29:55,09:29:56,09:42:15,09:42:15,09:44:16,09:42:15,740,09:32:18,121,142,YES,718
72,high,81,980,20,91,job-matrix-mult-81-def,job-matrix-mult-81-def-tz4lj,2026-05-06T09:31:51Z,2026-05-06T09:31:51Z,2026-05-06T09:38:49Z,2026-05-06T09:38:50Z,2026-05-06T09:53:48Z,2026-05-06T09:38:49Z,0,2026-05-06T10:02:01Z,,,09:31:51,09:31:51,09:38:49,09:38:50,09:53:48,09:38:49,418,10:02:01,899,1810,NO,0
73,high,4,1100,25,60,job-matrix-mult-4-def,job-matrix-mult-4-def-r6wpt,2026-05-06T09:32:39Z,2026-05-06T09:32:39Z,2026-05-06T09:35:43Z,2026-05-06T09:35:44Z,2026-05-06T09:57:39Z,2026-05-06T09:35:43Z,0,2026-05-06T09:55:21Z,,,09:32:39,09:32:39,09:35:43,09:35:44,09:57:39,09:35:43,184,09:55:21,1316,1362,YES,138
74,high,91,1090,2,88,job-matrix-mult-91-def,job-matrix-mult-91-def-brvqv,2026-05-06T09:32:55Z,2026-05-06T09:32:55Z,2026-05-06T09:36:49Z,2026-05-06T09:36:49Z,2026-05-06T09:57:30Z,2026-05-06T09:36:49Z,0,2026-05-06T09:55:21Z,,,09:32:55,09:32:55,09:36:49,09:36:49,09:57:30,09:36:49,234,09:55:21,1241,1346,YES,129
75,high,19,290,68,25,job-matrix-mult-19-def,job-matrix-mult-19-def-fkt62,2026-05-06T09:35:53Z,2026-05-06T09:35:54Z,2026-05-06T09:43:10Z,2026-05-06T09:43:11Z,2026-05-06T09:43:35Z,2026-05-06T09:43:10Z,1,2026-05-06T09:36:43Z,,,09:35:53,09:35:54,09:43:10,09:43:11,09:43:35,09:43:10,437,09:36:43,25,49,YES,412
76,high,16,260,99,3,job-matrix-mult-16-def,job-matrix-mult-16-def-wgzlh,2026-05-06T09:36:02Z,2026-05-06T09:36:02Z,2026-05-06T09:43:36Z,2026-05-06T09:43:37Z,2026-05-06T09:43:54Z,2026-05-06T09:43:36Z,0,2026-05-06T09:36:37Z,,,09:36:02,09:36:02,09:43:36,09:43:37,09:43:54,09:43:36,454,09:36:37,18,35,YES,437
77,high,31,430,8,83,job-matrix-mult-31-def,job-matrix-mult-31-def-mkzs5,2026-05-06T09:38:54Z,2026-05-06T09:38:54Z,2026-05-06T09:40:36Z,2026-05-06T09:40:37Z,2026-05-06T09:42:13Z,2026-05-06T09:40:36Z,0,2026-05-06T09:41:30Z,,,09:38:54,09:38:54,09:40:36,09:40:37,09:42:13,09:40:36,102,09:41:30,97,156,YES,43
78,high,77,940,15,62,job-matrix-mult-77-def,job-matrix-mult-77-def-qcgwc,2026-05-06T09:40:42Z,2026-05-06T09:40:42Z,2026-05-06T09:43:55Z,2026-05-06T09:43:56Z,2026-05-06T09:57:07Z,2026-05-06T09:43:55Z,0,2026-05-06T10:07:06Z,,,09:40:42,09:40:42,09:43:55,09:43:56,09:57:07,09:43:55,193,10:07:06,792,1584,NO,0
79,high,54,680,40,72,job-matrix-mult-54-def,job-matrix-mult-54-def-gnjgq,2026-05-06T09:43:50Z,2026-05-06T09:43:51Z,2026-05-06T09:44:17Z,2026-05-06T09:44:18Z,2026-05-06T09:49:24Z,2026-05-06T09:44:17Z,1,2026-05-06T09:53:55Z,,,09:43:50,09:43:51,09:44:17,09:44:18,09:49:24,09:44:17,27,09:53:55,307,604,NO,0
80,high,62,770,13,82,job-matrix-mult-62-def,job-matrix-mult-62-def-6fx55,2026-05-06T09:43:55Z,2026-05-06T09:43:55Z,2026-05-06T09:44:17Z,2026-05-06T09:44:18Z,2026-05-06T09:51:43Z,2026-05-06T09:44:17Z,0,2026-05-06T09:52:14Z,,,09:43:55,09:43:55,09:44:17,09:44:18,09:51:43,09:44:17,22,09:52:14,446,499,NO,0
81,high,43,560,6,91,job-matrix-mult-43-def,job-matrix-mult-43-def-gdr7v,2026-05-06T09:45:03Z,2026-05-06T09:45:03Z,2026-05-06T09:45:03Z,2026-05-06T09:45:04Z,2026-05-06T09:47:52Z,2026-05-06T09:45:03Z,0,2026-05-06T09:50:38Z,,,09:45:03,09:45:03,09:45:03,09:45:04,09:47:52,09:45:03,0,09:50:38,169,335,NO,0
82,high,90,1080,56,39,job-matrix-mult-90-def,job-matrix-mult-90-def-qt7wz,2026-05-06T09:46:57Z,2026-05-06T09:46:57Z,2026-05-06T09:46:57Z,2026-05-06T09:46:58Z,2026-05-06T10:07:06Z,2026-05-06T09:46:57Z,0,2026-05-06T10:08:53Z,,,09:46:57,09:46:57,09:46:57,09:46:58,10:07:06,09:46:57,0,10:08:53,1209,1316,NO,0
83,high,59,740,52,17,job-matrix-mult-59-def,job-matrix-mult-59-def-cdn8m,2026-05-06T09:47:59Z,2026-05-06T09:48:00Z,2026-05-06T09:48:00Z,2026-05-06T09:48:00Z,2026-05-06T09:54:48Z,2026-05-06T09:48:00Z,1,2026-05-06T09:55:07Z,,,09:47:59,09:48:00,09:48:00,09:48:00,09:54:48,09:48:00,1,09:55:07,408,427,NO,0
84,high,57,720,7,88,job-matrix-mult-57-def,job-matrix-mult-57-def-x2hxj,2026-05-06T09:48:01Z,2026-05-06T09:48:01Z,2026-05-06T09:49:25Z,2026-05-06T09:49:26Z,2026-05-06T09:55:51Z,2026-05-06T09:49:25Z,0,2026-05-06T09:54:28Z,,,09:48:01,09:48:01,09:49:25,09:49:26,09:55:51,09:49:25,84,09:54:28,386,387,YES,83
85,high,8,600,50,50,job-matrix-mult-8-def,job-matrix-mult-8-def-hmbtc,2026-05-06T09:48:17Z,2026-05-06T09:48:17Z,2026-05-06T09:51:44Z,2026-05-06T09:51:45Z,2026-05-06T09:55:13Z,2026-05-06T09:51:44Z,0,2026-05-06T09:52:04Z,,,09:48:17,09:48:17,09:51:44,09:51:45,09:55:13,09:51:44,207,09:52:04,209,227,YES,189
86,high,22,330,36,44,job-matrix-mult-22-def,job-matrix-mult-22-def-xxlt7,2026-05-06T09:48:31Z,2026-05-06T09:48:31Z,2026-05-06T09:53:50Z,2026-05-06T09:53:51Z,2026-05-06T09:54:25Z,2026-05-06T09:53:50Z,0,2026-05-06T09:49:40Z,,,09:48:31,09:48:31,09:53:50,09:53:51,09:54:25,09:53:50,319,09:49:40,35,69,YES,285
87,high,61,760,60,30,job-matrix-mult-61-def,job-matrix-mult-61-def-pzpc8,2026-05-06T09:49:11Z,2026-05-06T09:49:12Z,2026-05-06T09:54:27Z,2026-05-06T09:54:28Z,2026-05-06T10:01:28Z,2026-05-06T09:54:27Z,1,2026-05-06T09:56:48Z,,,09:49:11,09:49:12,09:54:27,09:54:28,10:01:28,09:54:27,316,09:56:48,421,456,YES,280
88,high,37,490,30,89,job-matrix-mult-37-def,job-matrix-mult-37-def-zc7sx,2026-05-06T09:50:06Z,2026-05-06T09:50:06Z,2026-05-06T09:54:49Z,2026-05-06T09:54:50Z,2026-05-06T09:56:43Z,2026-05-06T09:54:49Z,0,2026-05-06T09:53:53Z,,,09:50:06,09:50:06,09:54:49,09:54:50,09:56:43,09:54:49,283,09:53:53,114,227,YES,170
89,high,32,440,48,29,job-matrix-mult-32-def,job-matrix-mult-32-def-wt2l6,2026-05-06T09:51:12Z,2026-05-06T09:51:12Z,2026-05-06T09:55:15Z,2026-05-06T09:55:16Z,2026-05-06T09:56:36Z,2026-05-06T09:55:15Z,0,2026-05-06T09:53:51Z,,,09:51:12,09:51:12,09:55:15,09:55:16,09:56:36,09:55:15,243,09:53:51,81,159,YES,165
90,high,26,370,28,61,job-matrix-mult-26-def,job-matrix-mult-26-def-rfdgb,2026-05-06T09:55:02Z,2026-05-06T09:55:02Z,2026-05-06T09:55:53Z,2026-05-06T09:55:54Z,2026-05-06T09:56:42Z,2026-05-06T09:55:53Z,0,2026-05-06T09:56:43Z,,,09:55:02,09:55:02,09:55:53,09:55:54,09:56:42,09:55:53,51,09:56:43,49,101,NO,0
91,high,21,320,57,13,job-matrix-mult-21-def,job-matrix-mult-21-def-d86xp,2026-05-06T09:55:15Z,2026-05-06T09:55:16Z,2026-05-06T09:56:09Z,2026-05-06T09:56:10Z,2026-05-06T09:56:48Z,2026-05-06T09:56:09Z,1,2026-05-06T09:56:22Z,,,09:55:15,09:55:16,09:56:09,09:56:10,09:56:48,09:56:09,54,09:56:22,39,66,YES,26
92,high,50,640,11,86,job-matrix-mult-50-def,job-matrix-mult-50-def-4msn5,2026-05-06T09:56:34Z,2026-05-06T09:56:34Z,2026-05-06T09:56:38Z,2026-05-06T09:56:39Z,2026-05-06T10:00:49Z,2026-05-06T09:56:38Z,0,2026-05-06T10:04:55Z,,,09:56:34,09:56:34,09:56:38,09:56:39,10:00:49,09:56:38,4,10:04:55,251,501,NO,0
93,high,69,850,90,10,job-matrix-mult-69-def,job-matrix-mult-69-def-gfjt6,2026-05-06T09:57:19Z,2026-05-06T09:57:19Z,2026-05-06T09:57:19Z,2026-05-06T09:57:20Z,2026-05-06T10:07:45Z,2026-05-06T09:57:19Z,0,2026-05-06T10:16:46Z,,,09:57:19,09:57:19,09:57:19,09:57:20,10:07:45,09:57:19,0,10:16:46,626,1167,NO,0
94,high,45,580,50,20,job-matrix-mult-45-def,job-matrix-mult-45-def-cnpk5,2026-05-06T09:57:58Z,2026-05-06T09:57:58Z,2026-05-06T09:57:58Z,2026-05-06T09:57:59Z,2026-05-06T10:01:19Z,2026-05-06T09:57:58Z,0,2026-05-06T10:04:11Z,,,09:57:58,09:57:58,09:57:58,09:57:59,10:01:19,09:57:58,0,10:04:11,201,373,NO,0
95,high,6,300,6,21,job-matrix-mult-6-def,job-matrix-mult-6-def-f2fcn,2026-05-06T09:58:39Z,2026-05-06T09:58:39Z,2026-05-06T09:58:40Z,2026-05-06T09:58:40Z,2026-05-06T09:59:06Z,2026-05-06T09:58:40Z,0,2026-05-06T09:59:09Z,,,09:58:39,09:58:39,09:58:40,09:58:40,09:59:06,09:58:40,1,09:59:09,26,30,NO,0
96,high,96,1150,69,4,job-matrix-mult-96-def,job-matrix-mult-96-def-8n8tl,2026-05-06T09:59:35Z,2026-05-06T09:59:35Z,2026-05-06T09:59:35Z,2026-05-06T09:59:35Z,2026-05-06T10:23:51Z,2026-05-06T09:59:35Z,0,2026-05-06T10:25:17Z,,,09:59:35,09:59:35,09:59:35,09:59:35,10:23:51,09:59:35,0,10:25:17,1456,1542,NO,0
97,high,23,340,82,7,job-matrix-mult-23-def,job-matrix-mult-23-def-nsdbk,2026-05-06T09:59:55Z,2026-05-06T09:59:55Z,2026-05-06T09:59:55Z,2026-05-06T09:59:56Z,2026-05-06T10:00:33Z,2026-05-06T09:59:55Z,0,2026-05-06T10:01:11Z,,,09:59:55,09:59:55,09:59:55,09:59:56,10:00:33,09:59:55,0,10:01:11,38,76,NO,0
98,high,44,570,33,58,job-matrix-mult-44-def,job-matrix-mult-44-def-n9crk,2026-05-06T10:00:05Z,2026-05-06T10:00:05Z,2026-05-06T10:00:05Z,2026-05-06T10:00:06Z,2026-05-06T10:03:03Z,2026-05-06T10:00:05Z,0,2026-05-06T10:06:01Z,,,10:00:05,10:00:05,10:00:05,10:00:06,10:03:03,10:00:05,0,10:06:01,178,356,NO,0
99,high,9,800,2,78,job-matrix-mult-9-def,job-matrix-mult-9-def-825vr,2026-05-06T10:02:22Z,2026-05-06T10:02:22Z,2026-05-06T10:02:22Z,2026-05-06T10:02:23Z,2026-05-06T10:10:32Z,2026-05-06T10:02:22Z,0,2026-05-06T10:11:11Z,,,10:02:22,10:02:22,10:02:22,10:02:23,10:10:32,10:02:22,0,10:11:11,490,529,NO,0
100,high,67,830,35,69,job-matrix-mult-67-def,job-matrix-mult-67-def-gsznw,2026-05-06T10:03:21Z,2026-05-06T10:03:21Z,2026-05-06T10:03:21Z,2026-05-06T10:03:21Z,2026-05-06T10:12:31Z,2026-05-06T10:03:21Z,0,2026-05-06T10:21:37Z,,,10:03:21,10:03:21,10:03:21,10:03:21,10:12:31,10:03:21,0,10:21:37,550,1096,NO,0
,,,,,,,,,,,,,,,,,,,,,,,,,,,,,
,,,,,,,,,,,,,,,,,,,,,,,,,,,Deadline Miss Rate,40,
,,,,,,,,,,,,,,,,,,,,,,,,,,,Mean Tardiness,379,
,,,,,,,,,,,,,,,,,,,,,,,,,,,Max Tardiness,881,